title,size,price
"

                                    Шкаф для газовых баллонов G-1                                 


Высота, мм
1200


Ширина, мм
450


Глубина, мм
350



","[<td class=""bxr-props-table-value"">1200</td>, <td class=""bxr-props-table-value"">450</td>, <td class=""bxr-props-table-value"">350</td>]",8 172 руб.
"

                                    Верстак Profi (№401) WT140.WD5/F1.000                                 


Высота, мм
866


Ширина, мм
1400


Глубина, мм
700



","[<td class=""bxr-props-table-value"">866</td>, <td class=""bxr-props-table-value"">1400</td>, <td class=""bxr-props-table-value"">700</td>]",31 764 руб.
"

                                    Верстак Expert (№223) W200.F2/WS6.121                                 


Высота, мм
1870


Ширина, мм
2000


Глубина, мм
700



","[<td class=""bxr-props-table-value"">1870</td>, <td class=""bxr-props-table-value"">2000</td>, <td class=""bxr-props-table-value"">700</td>]",114 839 руб.
"

                                    Шкаф сушильный ШС Циклон 1965                                 


Высота, мм
1950*/2000


Ширина, мм
650


Глубина, мм
600       (*высота без фланца)



","[<td class=""bxr-props-table-value"">1950*/2000</td>, <td class=""bxr-props-table-value"">650</td>, <td class=""bxr-props-table-value"">600       (*высота без фланца)</td>]",50 566 руб.
"

                                    Верстак Expert (№605) W160.WS1/WS6.011                                 


Высота, мм
1370


Ширина, мм
1600


Глубина, мм
700



","[<td class=""bxr-props-table-value"">1370</td>, <td class=""bxr-props-table-value"">1600</td>, <td class=""bxr-props-table-value"">700</td>]",111 206 руб.
"

                                    Модуль тумб WS                                 


Высота, мм
-


Ширина, мм
-


Глубина, мм
-



","[<td class=""bxr-props-table-value"">-</td>, <td class=""bxr-props-table-value"">-</td>, <td class=""bxr-props-table-value"">-</td>]",92 888 руб.
"

                                    Экран WS-120 без косынок                                 


Высота, мм
500


Ширина, мм
1200


Глубина, мм
20



","[<td class=""bxr-props-table-value"">500</td>, <td class=""bxr-props-table-value"">1200</td>, <td class=""bxr-props-table-value"">20</td>]",2 500 руб.
"

                                    Лоток-держатель А4                                 


Высота, мм
300


Ширина, мм
300


Глубина, мм
60



","[<td class=""bxr-props-table-value"">300</td>, <td class=""bxr-props-table-value"">300</td>, <td class=""bxr-props-table-value"">60</td>]",526 руб.
"

                                    Комплект полок AMH TC SK 50 (2шт.)                                 


Высота, мм
30


Ширина, мм
840


Глубина, мм
170



","[<td class=""bxr-props-table-value"">30</td>, <td class=""bxr-props-table-value"">840</td>, <td class=""bxr-props-table-value"">170</td>]",3 986 руб.
"

                                    Верстак Profi (№602) WT160.WD1/WD1.000                                 


Высота, мм
866


Ширина, мм
1600


Глубина, мм
700



","[<td class=""bxr-props-table-value"">866</td>, <td class=""bxr-props-table-value"">1600</td>, <td class=""bxr-props-table-value"">700</td>]",29 710 руб.
"

                                    Верстак Profi (№201) WT120.WD1/F1.000                                 


Высота, мм
866


Ширина, мм
1200


Глубина, мм
700



","[<td class=""bxr-props-table-value"">866</td>, <td class=""bxr-props-table-value"">1200</td>, <td class=""bxr-props-table-value"">700</td>]",20 442 руб.
"

                                    Полка для тележки HARD HSK-63                                 


Высота, мм
36


Ширина, мм
696


Глубина, мм
63



","[<td class=""bxr-props-table-value"">36</td>, <td class=""bxr-props-table-value"">696</td>, <td class=""bxr-props-table-value"">63</td>]",1 745 руб.
"

                                    Инструментальная тележка WDS Garage                                 


Высота, мм
980


Ширина, мм
772


Глубина, мм
514



","[<td class=""bxr-props-table-value"">980</td>, <td class=""bxr-props-table-value"">772</td>, <td class=""bxr-props-table-value"">514</td>]",6 389 руб.
"

                                    Инструментальная тумба WD-1                                 


Высота, мм
840


Ширина, мм
460


Глубина, мм
640



","[<td class=""bxr-props-table-value"">840</td>, <td class=""bxr-props-table-value"">460</td>, <td class=""bxr-props-table-value"">640</td>]",8 411 руб.
"

                                    Ручка WS                                 


Высота, мм
-


Ширина, мм
-


Глубина, мм
-



","[<td class=""bxr-props-table-value"">-</td>, <td class=""bxr-props-table-value"">-</td>, <td class=""bxr-props-table-value"">-</td>]",475 руб.
"

                                    Верстак MASTER (№104) MT100.MF1/MF1.101                                 


Высота, мм
875


Ширина, мм
1000


Глубина, мм
500



","[<td class=""bxr-props-table-value"">875</td>, <td class=""bxr-props-table-value"">1000</td>, <td class=""bxr-props-table-value"">500</td>]",14 275 руб.
"

                                    Верстак MASTER (№101) MT100.MF1/MF1.000                                 


Высота, мм
875


Ширина, мм
1000


Глубина, мм
500



","[<td class=""bxr-props-table-value"">875</td>, <td class=""bxr-props-table-value"">1000</td>, <td class=""bxr-props-table-value"">500</td>]",9 683 руб.
"

                                    Верстак Expert (№220) W200.F2/F2/F2.000                                 


Высота, мм
870


Ширина, мм
2000


Глубина, мм
700



","[<td class=""bxr-props-table-value"">870</td>, <td class=""bxr-props-table-value"">2000</td>, <td class=""bxr-props-table-value"">700</td>]",35 911 руб.
"

                                    Держатель для сверл                                 


Высота, мм
45


Ширина, мм
200


Глубина, мм
50



","[<td class=""bxr-props-table-value"">45</td>, <td class=""bxr-props-table-value"">200</td>, <td class=""bxr-props-table-value"">50</td>]",265 руб.
"

                                    Верстак MASTER (№106) MT100.MF1/MF1.002                                 


Высота, мм
875


Ширина, мм
1000


Глубина, мм
500



","[<td class=""bxr-props-table-value"">875</td>, <td class=""bxr-props-table-value"">1000</td>, <td class=""bxr-props-table-value"">500</td>]",12 188 руб.
"

                                    Экран WDS                                 


Высота, мм
746


Ширина, мм
500


Глубина, мм
22



","[<td class=""bxr-props-table-value"">746</td>, <td class=""bxr-props-table-value"">500</td>, <td class=""bxr-props-table-value"">22</td>]",1 628 руб.
"

                                    Инструментальный шкаф HARD 1000-002010                                 


Высота, мм
998


Ширина, мм
1150


Глубина, мм
650



","[<td class=""bxr-props-table-value"">998</td>, <td class=""bxr-props-table-value"">1150</td>, <td class=""bxr-props-table-value"">650</td>]",68 994 руб.
"

                                    Шкаф инструментальный TC-1095                                 


Высота, мм
1000


Ширина, мм
950


Глубина, мм
500



","[<td class=""bxr-props-table-value"">1000</td>, <td class=""bxr-props-table-value"">950</td>, <td class=""bxr-props-table-value"">500</td>]",16 065 руб.
"

                                    Инструментальная тележка WDS-0                                 


Высота, мм
738


Ширина, мм
750


Глубина, мм
450



","[<td class=""bxr-props-table-value"">738</td>, <td class=""bxr-props-table-value"">750</td>, <td class=""bxr-props-table-value"">450</td>]",11 269 руб.
"

                                    Инструментальная тумба WDS-9                                 


Высота, мм
1010


Ширина, мм
520


Глубина, мм
580



","[<td class=""bxr-props-table-value"">1010</td>, <td class=""bxr-props-table-value"">520</td>, <td class=""bxr-props-table-value"">580</td>]",40 319 руб.
"

                                    Шкаф инструментальный TC-1995/2-102200                                 


Высота, мм
1900


Ширина, мм
950


Глубина, мм
500



","[<td class=""bxr-props-table-value"">1900</td>, <td class=""bxr-props-table-value"">950</td>, <td class=""bxr-props-table-value"">500</td>]",30 553 руб.
"

                                    Шкаф сушильный ШС Сахара 5                                 


Высота, мм
1970/2025*


Ширина, мм
1500


Глубина, мм
600



","[<td class=""bxr-props-table-value"">1970/2025*</td>, <td class=""bxr-props-table-value"">1500</td>, <td class=""bxr-props-table-value"">600</td>]",132 023 руб.
"

                                    Полка большая LSh                                 


Высота, мм
70


Ширина, мм
564


Глубина, мм
151



","[<td class=""bxr-props-table-value"">70</td>, <td class=""bxr-props-table-value"">564</td>, <td class=""bxr-props-table-value"">151</td>]",501 руб.
"

                                    Шкаф инструментальный TC-1947-020301                                 


Высота, мм
1900


Ширина, мм
475


Глубина, мм
500



","[<td class=""bxr-props-table-value"">1900</td>, <td class=""bxr-props-table-value"">475</td>, <td class=""bxr-props-table-value"">500</td>]",22 585 руб.
"

                                    Инструментальный шкаф HARD 2000-062000                                 


Высота, мм
1998


Ширина, мм
1150


Глубина, мм
650



","[<td class=""bxr-props-table-value"">1998</td>, <td class=""bxr-props-table-value"">1150</td>, <td class=""bxr-props-table-value"">650</td>]",83 749 руб.
"

                                    Комплект освещения W                                 


Высота, мм
1050


Ширина, мм
1000-2000


Глубина, мм
370



","[<td class=""bxr-props-table-value"">1050</td>, <td class=""bxr-props-table-value"">1000-2000</td>, <td class=""bxr-props-table-value"">370</td>]",6 962 руб.
"

                                    Комплект WS-1                                 


Высота, мм
1509


Ширина, мм
600


Глубина, мм
640



","[<td class=""bxr-props-table-value"">1509</td>, <td class=""bxr-props-table-value"">600</td>, <td class=""bxr-props-table-value"">640</td>]",48 976 руб.
"

                                    Полка для тележки HARD SK 50                                 


Высота, мм
20


Ширина, мм
700


Глубина, мм
150



","[<td class=""bxr-props-table-value"">20</td>, <td class=""bxr-props-table-value"">700</td>, <td class=""bxr-props-table-value"">150</td>]",1 745 руб.
"

                                    Крючок НК                                 


Высота, мм
60


Ширина, мм
25


Глубина, мм
80



","[<td class=""bxr-props-table-value"">60</td>, <td class=""bxr-props-table-value"">25</td>, <td class=""bxr-props-table-value"">80</td>]",175 руб.
"

                                    Верстак Expert (№204) W120.F2/F2.010                                 


Высота, мм
1370


Ширина, мм
1200


Глубина, мм
700



","[<td class=""bxr-props-table-value"">1370</td>, <td class=""bxr-props-table-value"">1200</td>, <td class=""bxr-props-table-value"">700</td>]",23 428 руб.
"

                                    Экран WS-100 без косынок                                 


Высота, мм
500


Ширина, мм
1000


Глубина, мм
20



","[<td class=""bxr-props-table-value"">500</td>, <td class=""bxr-props-table-value"">1000</td>, <td class=""bxr-props-table-value"">20</td>]",2 359 руб.
"

                                    TC полка для ЧПУ SK-40                                 


Высота, мм
225


Ширина, мм
918


Глубина, мм
434



","[<td class=""bxr-props-table-value"">225</td>, <td class=""bxr-props-table-value"">918</td>, <td class=""bxr-props-table-value"">434</td>]",5 505 руб.
"

                                    Инструментальная тумба WS-1                                 


Высота, мм
840


Ширина, мм
600


Глубина, мм
640



","[<td class=""bxr-props-table-value"">840</td>, <td class=""bxr-props-table-value"">600</td>, <td class=""bxr-props-table-value"">640</td>]",30 048 руб.
"

                                    Верстак Garage №113                                 


Высота, мм
920


Ширина, мм
1000


Глубина, мм
500



","[<td class=""bxr-props-table-value"">920</td>, <td class=""bxr-props-table-value"">1000</td>, <td class=""bxr-props-table-value"">500</td>]",7 730 руб.
"

                                    Верстак MASTER (№105) MT100.MF1/MF1.201                                 


Высота, мм
875


Ширина, мм
1000


Глубина, мм
500



","[<td class=""bxr-props-table-value"">875</td>, <td class=""bxr-props-table-value"">1000</td>, <td class=""bxr-props-table-value"">500</td>]",16 501 руб.
"

                                    TC полка малая TCSh 43х47                                 


Высота, мм
25


Ширина, мм
470


Глубина, мм
430



","[<td class=""bxr-props-table-value"">25</td>, <td class=""bxr-props-table-value"">470</td>, <td class=""bxr-props-table-value"">430</td>]",914 руб.
"

                                    Инструментальная тележка WDS-5                                 


Высота, мм
738


Ширина, мм
750


Глубина, мм
453



","[<td class=""bxr-props-table-value"">738</td>, <td class=""bxr-props-table-value"">750</td>, <td class=""bxr-props-table-value"">453</td>]",25 711 руб.
"

                                    Инструментальный шкаф HARD 1000-000021                                 


Высота, мм
998


Ширина, мм
1150


Глубина, мм
650



","[<td class=""bxr-props-table-value"">998</td>, <td class=""bxr-props-table-value"">1150</td>, <td class=""bxr-props-table-value"">650</td>]",69 766 руб.
"

                                    Ящик Garage                                 


Высота, мм
60


Ширина, мм
400


Глубина, мм
480



","[<td class=""bxr-props-table-value"">60</td>, <td class=""bxr-props-table-value"">400</td>, <td class=""bxr-props-table-value"">480</td>]",1 357 руб.
"

                                    Инструментальный шкаф AMH TC-003040                                 


Высота, мм
1850


Ширина, мм
920


Глубина, мм
460



","[<td class=""bxr-props-table-value"">1850</td>, <td class=""bxr-props-table-value"">920</td>, <td class=""bxr-props-table-value"">460</td>]",105 133 руб.
"

                                    TC ящик выдвижной большой TCF 87x45                                 


Высота, мм
140


Ширина, мм
874


Глубина, мм
450



","[<td class=""bxr-props-table-value"">140</td>, <td class=""bxr-props-table-value"">874</td>, <td class=""bxr-props-table-value"">450</td>]",5 965 руб.
"

                                    Шкаф инструментальный TС 1095-021020                                 


Высота, мм
1000


Ширина, мм
950


Глубина, мм
500



","[<td class=""bxr-props-table-value"">1000</td>, <td class=""bxr-props-table-value"">950</td>, <td class=""bxr-props-table-value"">500</td>]",31 796 руб.
"

                                    Шкаф сушильный ШС Сахара 8                                 


Высота, мм
1970/2025*


Ширина, мм
1800


Глубина, мм
600



","[<td class=""bxr-props-table-value"">1970/2025*</td>, <td class=""bxr-props-table-value"">1800</td>, <td class=""bxr-props-table-value"">600</td>]",140 128 руб.
"

                                    Комплект поддонов ШС Ветерок 1940                                 


Высота, мм
390


Ширина, мм
430


Глубина, мм
25



","[<td class=""bxr-props-table-value"">390</td>, <td class=""bxr-props-table-value"">430</td>, <td class=""bxr-props-table-value"">25</td>]",1 390 руб.
"

                                    Инструментальная тумба WD-2                                 


Высота, мм
840


Ширина, мм
460


Глубина, мм
640



","[<td class=""bxr-props-table-value"">840</td>, <td class=""bxr-props-table-value"">460</td>, <td class=""bxr-props-table-value"">640</td>]",12 418 руб.
"

                                    Комплект аксессуаров на тумбы WS                                 


Высота, мм
-


Ширина, мм
-


Глубина, мм
-



","[<td class=""bxr-props-table-value"">-</td>, <td class=""bxr-props-table-value"">-</td>, <td class=""bxr-props-table-value"">-</td>]",4 974 руб.
"

                                    Комплект поддонов ШС Циклон 1985                                 


Высота, мм
390


Ширина, мм
530


Глубина, мм
25



","[<td class=""bxr-props-table-value"">390</td>, <td class=""bxr-props-table-value"">530</td>, <td class=""bxr-props-table-value"">25</td>]",1 390 руб.
"

                                    Верстак MASTER (№102) M100.MF1/MF1.000                                 


Высота, мм
875


Ширина, мм
1000


Глубина, мм
500



","[<td class=""bxr-props-table-value"">875</td>, <td class=""bxr-props-table-value"">1000</td>, <td class=""bxr-props-table-value"">500</td>]",8 849 руб.
"

                                    Инструментальный шкаф HARD 1000-021011                                 


Высота, мм
998


Ширина, мм
1150


Глубина, мм
650



","[<td class=""bxr-props-table-value"">998</td>, <td class=""bxr-props-table-value"">1150</td>, <td class=""bxr-props-table-value"">650</td>]",77 884 руб.
"

                                    Инструментальный шкаф HARD 1000-021030                                 


Высота, мм
998


Ширина, мм
1150


Глубина, мм
650



","[<td class=""bxr-props-table-value"">998</td>, <td class=""bxr-props-table-value"">1150</td>, <td class=""bxr-props-table-value"">650</td>]",76 528 руб.
"

                                    Верстак Expert (№608) WTH160.WS1/F2.021                                 


Высота, мм
1870


Ширина, мм
1600


Глубина, мм
700



","[<td class=""bxr-props-table-value"">1870</td>, <td class=""bxr-props-table-value"">1600</td>, <td class=""bxr-props-table-value"">700</td>]",82 557 руб.
"

                                    Верстак MASTER № 107 M100.MF1/MF1/MF1.000                                 


Высота, мм
875


Ширина, мм
2000


Глубина, мм
500



","[<td class=""bxr-props-table-value"">875</td>, <td class=""bxr-props-table-value"">2000</td>, <td class=""bxr-props-table-value"">500</td>]",17 458 руб.
"

                                    Инструментальная тележка WDS-5.0 new                                 


Высота, мм
905


Ширина, мм
860


Глубина, мм
540



","[<td class=""bxr-props-table-value"">905</td>, <td class=""bxr-props-table-value"">860</td>, <td class=""bxr-props-table-value"">540</td>]",44 072 руб.
"

                                    Шкаф инструментальный TC-1995/2-102400                                 


Высота, мм
1900


Ширина, мм
950


Глубина, мм
500



","[<td class=""bxr-props-table-value"">1900</td>, <td class=""bxr-props-table-value"">950</td>, <td class=""bxr-props-table-value"">500</td>]",33 758 руб.
"

                                    Шкаф инструментальный TC-1947-000305                                 


Высота, мм
1900


Ширина, мм
475


Глубина, мм
500



","[<td class=""bxr-props-table-value"">1900</td>, <td class=""bxr-props-table-value"">475</td>, <td class=""bxr-props-table-value"">500</td>]",35 774 руб.
"

                                    Экран WS-140 без косынок                                 


Высота, мм
500


Ширина, мм
1400


Глубина, мм
20



","[<td class=""bxr-props-table-value"">500</td>, <td class=""bxr-props-table-value"">1400</td>, <td class=""bxr-props-table-value"">20</td>]",2 725 руб.
"

                                    Ящик пластиковый Практик 400x230x150                                 


Высота, мм
150


Ширина, мм
230


Глубина, мм
400



","[<td class=""bxr-props-table-value"">150</td>, <td class=""bxr-props-table-value"">230</td>, <td class=""bxr-props-table-value"">400</td>]",498 руб.
"

                                    Комплект колес WS (4 штуки)                                 


Высота, мм
-


Ширина, мм
-


Глубина, мм
-



","[<td class=""bxr-props-table-value"">-</td>, <td class=""bxr-props-table-value"">-</td>, <td class=""bxr-props-table-value"">-</td>]",13 870 руб.
"

                                    Инструментальная тумба WD-5                                 


Высота, мм
840


Ширина, мм
460


Глубина, мм
640



","[<td class=""bxr-props-table-value"">840</td>, <td class=""bxr-props-table-value"">460</td>, <td class=""bxr-props-table-value"">640</td>]",16 278 руб.
"

                                    Инструментальный шкаф HARD 2000-033012                                 


Высота, мм
1998


Ширина, мм
1150


Глубина, мм
650



","[<td class=""bxr-props-table-value"">1998</td>, <td class=""bxr-props-table-value"">1150</td>, <td class=""bxr-props-table-value"">650</td>]",113 278 руб.
"

                                    Стойка сушильная Норд 20                                 


Высота, мм
2177


Ширина, мм
960


Глубина, мм
610



","[<td class=""bxr-props-table-value"">2177</td>, <td class=""bxr-props-table-value"">960</td>, <td class=""bxr-props-table-value"">610</td>]",110 770 руб.
"

                                    Экран WS-200 без косынок                                 


Высота, мм
500


Ширина, мм
2000


Глубина, мм
20



","[<td class=""bxr-props-table-value"">500</td>, <td class=""bxr-props-table-value"">2000</td>, <td class=""bxr-props-table-value"">20</td>]",3 911 руб.
"

                                    Держатель инструмента TH                                 


Высота, мм
40


Ширина, мм
360


Глубина, мм
42



","[<td class=""bxr-props-table-value"">40</td>, <td class=""bxr-props-table-value"">360</td>, <td class=""bxr-props-table-value"">42</td>]",342 руб.
"

                                    Инструментальный шкаф HARD 1000-000000                                 


Высота, мм
998


Ширина, мм
1150


Глубина, мм
650



","[<td class=""bxr-props-table-value"">998</td>, <td class=""bxr-props-table-value"">1150</td>, <td class=""bxr-props-table-value"">650</td>]",57 035 руб.
"

                                    Инструментальная тележка WDS-3.0 new                                 


Высота, мм
905


Ширина, мм
860


Глубина, мм
540



","[<td class=""bxr-props-table-value"">905</td>, <td class=""bxr-props-table-value"">860</td>, <td class=""bxr-props-table-value"">540</td>]",38 562 руб.
"

                                    Верстак Expert (№606) WTH160.F2/F2.000                                 


Высота, мм
870


Ширина, мм
1600


Глубина, мм
700



","[<td class=""bxr-props-table-value"">870</td>, <td class=""bxr-props-table-value"">1600</td>, <td class=""bxr-props-table-value"">700</td>]",38 354 руб.
"

                                    Ящик пластиковый Практик 400x185x100                                 


Высота, мм
100


Ширина, мм
185


Глубина, мм
400



","[<td class=""bxr-props-table-value"">100</td>, <td class=""bxr-props-table-value"">185</td>, <td class=""bxr-props-table-value"">400</td>]",488 руб.
"

                                    Верстак Expert (№206) W120.WS6/WS1.021                                 


Высота, мм
1870


Ширина, мм
1200


Глубина, мм
700



","[<td class=""bxr-props-table-value"">1870</td>, <td class=""bxr-props-table-value"">1200</td>, <td class=""bxr-props-table-value"">700</td>]",104 873 руб.
"

                                    Экран WS-180 без косынок                                 


Высота, мм
500


Ширина, мм
1800


Глубина, мм
20



","[<td class=""bxr-props-table-value"">500</td>, <td class=""bxr-props-table-value"">1800</td>, <td class=""bxr-props-table-value"">20</td>]",3 518 руб.
"

                                    Ящик AMH TC 60                                 


Высота, мм
60


Ширина, мм
840


Глубина, мм
400



","[<td class=""bxr-props-table-value"">60</td>, <td class=""bxr-props-table-value"">840</td>, <td class=""bxr-props-table-value"">400</td>]",5 656 руб.
"

                                    Инструментальный шкаф AMH TC EL                                 


Высота, мм
1850


Ширина, мм
920


Глубина, мм
460



","[<td class=""bxr-props-table-value"">1850</td>, <td class=""bxr-props-table-value"">920</td>, <td class=""bxr-props-table-value"">460</td>]",63 088 руб.
"

                                    Инструментальная тележка WDS-9.0 new                                 


Высота, мм
905


Ширина, мм
860


Глубина, мм
540



","[<td class=""bxr-props-table-value"">905</td>, <td class=""bxr-props-table-value"">860</td>, <td class=""bxr-props-table-value"">540</td>]",60 099 руб.
"

                                    Ящик пластиковый Практик 170x80x105                                 


Высота, мм
80


Ширина, мм
105


Глубина, мм
170



","[<td class=""bxr-props-table-value"">80</td>, <td class=""bxr-props-table-value"">105</td>, <td class=""bxr-props-table-value"">170</td>]",171 руб.
"

                                    Комплект ШС 1940 (4 полки/стойка/перекладина)                                 


Высота, мм
940


Ширина, мм
410


Глубина, мм
40



","[<td class=""bxr-props-table-value"">940</td>, <td class=""bxr-props-table-value"">410</td>, <td class=""bxr-props-table-value"">40</td>]",5 330 руб.
"

                                    Стул Pro Industrial с подлокотниками                                 


Высота, мм
950/1150


Ширина, мм
470


Глубина, мм
-



","[<td class=""bxr-props-table-value"">950/1150</td>, <td class=""bxr-props-table-value"">470</td>, <td class=""bxr-props-table-value"">-</td>]",20 151 руб.
"

                                    Стул Pro Industrial без подлокотников                                 


Высота, мм
910/1190


Ширина, мм
470


Глубина, мм
-



","[<td class=""bxr-props-table-value"">910/1190</td>, <td class=""bxr-props-table-value"">470</td>, <td class=""bxr-props-table-value"">-</td>]",19 191 руб.
"

                                    Шкаф инструментальный ТС 1995-042020                                 


Высота, мм
1900


Ширина, мм
950


Глубина, мм
500



","[<td class=""bxr-props-table-value"">1900</td>, <td class=""bxr-props-table-value"">950</td>, <td class=""bxr-props-table-value"">500</td>]",42 486 руб.
"

                                    Верстак Expert (№222) W200.F2/F2.011                                 


Высота, мм
1370


Ширина, мм
2000


Глубина, мм
700



","[<td class=""bxr-props-table-value"">1370</td>, <td class=""bxr-props-table-value"">2000</td>, <td class=""bxr-props-table-value"">700</td>]",43 225 руб.
"

                                    Инструментальная тумба WS-6                                 


Высота, мм
840


Ширина, мм
600


Глубина, мм
640



","[<td class=""bxr-props-table-value"">840</td>, <td class=""bxr-props-table-value"">600</td>, <td class=""bxr-props-table-value"">640</td>]",54 673 руб.
"

                                    Полка проволочная ШС 1940/1985                                 


Высота, мм
157


Ширина, мм
400


Глубина, мм
322



","[<td class=""bxr-props-table-value"">157</td>, <td class=""bxr-props-table-value"">400</td>, <td class=""bxr-props-table-value"">322</td>]",1 532 руб.
"

                                    Табурет Pro Industrial                                 


Высота, мм
470/670


Ширина, мм
340


Глубина, мм
-



","[<td class=""bxr-props-table-value"">470/670</td>, <td class=""bxr-props-table-value"">340</td>, <td class=""bxr-props-table-value"">-</td>]",12 004 руб.
"

                                    Инструментальный шкаф HARD 2000-000000                                 


Высота, мм
1998


Ширина, мм
1150


Глубина, мм
650



","[<td class=""bxr-props-table-value"">1998</td>, <td class=""bxr-props-table-value"">1150</td>, <td class=""bxr-props-table-value"">650</td>]",64 549 руб.
"

                                    Комплект полок AMH TC SK 40 (2шт.)                                 


Высота, мм
30


Ширина, мм
840


Глубина, мм
170



","[<td class=""bxr-props-table-value"">30</td>, <td class=""bxr-props-table-value"">840</td>, <td class=""bxr-props-table-value"">170</td>]",3 986 руб.
"

                                    Инструментальный шкаф AMH TC-004010                                 


Высота, мм
1850


Ширина, мм
920


Глубина, мм
460



","[<td class=""bxr-props-table-value"">1850</td>, <td class=""bxr-props-table-value"">920</td>, <td class=""bxr-props-table-value"">460</td>]",83 435 руб.
"

                                    Стойка сушильная Норд 16                                 


Высота, мм
1900


Ширина, мм
960


Глубина, мм
610



","[<td class=""bxr-props-table-value"">1900</td>, <td class=""bxr-props-table-value"">960</td>, <td class=""bxr-props-table-value"">610</td>]",103 432 руб.
"

                                    Верстак Profi (№601) WT160.WD5/F1.000                                 


Высота, мм
866


Ширина, мм
1600


Глубина, мм
700



","[<td class=""bxr-props-table-value"">866</td>, <td class=""bxr-props-table-value"">1600</td>, <td class=""bxr-props-table-value"">700</td>]",32 523 руб.
"

                                    Верстак Garage №114                                 


Высота, мм
1420


Ширина, мм
1000


Глубина, мм
500



","[<td class=""bxr-props-table-value"">1420</td>, <td class=""bxr-props-table-value"">1000</td>, <td class=""bxr-props-table-value"">500</td>]",9 566 руб.
"

                                    Инструментальный шкаф HARD 2000-004011                                 


Высота, мм
1998


Ширина, мм
1150


Глубина, мм
650



","[<td class=""bxr-props-table-value"">1998</td>, <td class=""bxr-props-table-value"">1150</td>, <td class=""bxr-props-table-value"">650</td>]",104 743 руб.
"

                                    Верстак Profi (№600) WT160.WD1/F1.000                                 


Высота, мм
866


Ширина, мм
1600


Глубина, мм
700



","[<td class=""bxr-props-table-value"">866</td>, <td class=""bxr-props-table-value"">1600</td>, <td class=""bxr-props-table-value"">700</td>]",23 582 руб.
"

                                    Полка для тележки HARD SK 40                                 


Высота, мм
20


Ширина, мм
700


Глубина, мм
150



","[<td class=""bxr-props-table-value"">20</td>, <td class=""bxr-props-table-value"">700</td>, <td class=""bxr-props-table-value"">150</td>]",1 745 руб.
"

                                    Комплект поддонов ШС Циклон 1965                                 


Высота, мм
390


Ширина, мм
430


Глубина, мм
25



","[<td class=""bxr-props-table-value"">390</td>, <td class=""bxr-props-table-value"">430</td>, <td class=""bxr-props-table-value"">25</td>]",1 390 руб.
"

                                    Верстак Profi (№ 202) WT120.WD5/F1.000                                 


Высота, мм
866


Ширина, мм
1200


Глубина, мм
700



","[<td class=""bxr-props-table-value"">866</td>, <td class=""bxr-props-table-value"">1200</td>, <td class=""bxr-props-table-value"">700</td>]",29 383 руб.
"

                                    Верстак Garage №115                                 


Высота, мм
1980


Ширина, мм
1000


Глубина, мм
500



","[<td class=""bxr-props-table-value"">1980</td>, <td class=""bxr-props-table-value"">1000</td>, <td class=""bxr-props-table-value"">500</td>]",16 528 руб.
"

                                    Верстак Garage Set 1                                 


Высота, мм
1500


Ширина, мм
1000


Глубина, мм
500



","[<td class=""bxr-props-table-value"">1500</td>, <td class=""bxr-props-table-value"">1000</td>, <td class=""bxr-props-table-value"">500</td>]",12 559 руб.
"

                                    Инструментальная тележка WDS-7                                 


Высота, мм
738


Ширина, мм
750


Глубина, мм
453



","[<td class=""bxr-props-table-value"">738</td>, <td class=""bxr-props-table-value"">750</td>, <td class=""bxr-props-table-value"">453</td>]",35 841 руб.
"

                                    Инструментальный шкаф HARD  2000-004001                                 


Высота, мм
1998


Ширина, мм
1150


Глубина, мм
650



","[<td class=""bxr-props-table-value"">1998</td>, <td class=""bxr-props-table-value"">1150</td>, <td class=""bxr-props-table-value"">650</td>]",94 412 руб.
"

                                    Инструментальный шкаф HARD 1000-021020                                 


Высота, мм
998


Ширина, мм
1150


Глубина, мм
650



","[<td class=""bxr-props-table-value"">998</td>, <td class=""bxr-props-table-value"">1150</td>, <td class=""bxr-props-table-value"">650</td>]",70 454 руб.
"

                                    Верстак Expert (№224) WTH200.WS1/WS1.021                                 


Высота, мм
1870


Ширина, мм
2000


Глубина, мм
700



","[<td class=""bxr-props-table-value"">1870</td>, <td class=""bxr-props-table-value"">2000</td>, <td class=""bxr-props-table-value"">700</td>]",108 826 руб.
"

                                    Верстак Expert (№607) W160.F2/F2.021                                 


Высота, мм
1870


Ширина, мм
1600


Глубина, мм
700



","[<td class=""bxr-props-table-value"">1870</td>, <td class=""bxr-props-table-value"">1600</td>, <td class=""bxr-props-table-value"">700</td>]",38 300 руб.
"

                                    Верстак Expert (№205) W120.WS6/F2.011                                 


Высота, мм
1370


Ширина, мм
1200


Глубина, мм
700



","[<td class=""bxr-props-table-value"">1370</td>, <td class=""bxr-props-table-value"">1200</td>, <td class=""bxr-props-table-value"">700</td>]",82 982 руб.
"

                                    Полка MS Standart 100x50                                 


Высота, мм
30


Ширина, мм
1000


Глубина, мм
500



","[<td class=""bxr-props-table-value"">30</td>, <td class=""bxr-props-table-value"">1000</td>, <td class=""bxr-props-table-value"">500</td>]",560 руб.
"

                                    Комплект косынок для крепления экранов WS                                 


Высота, мм
505


Ширина, мм
210


Глубина, мм
45



","[<td class=""bxr-props-table-value"">505</td>, <td class=""bxr-props-table-value"">210</td>, <td class=""bxr-props-table-value"">45</td>]",835 руб.
"

                                    Верстак Garage Set 2                                 


Высота, мм
1500


Ширина, мм
1000


Глубина, мм
500



","[<td class=""bxr-props-table-value"">1500</td>, <td class=""bxr-props-table-value"">1000</td>, <td class=""bxr-props-table-value"">500</td>]",12 559 руб.
"

                                    Инструментальная тележка WDS-6                                 


Высота, мм
738


Ширина, мм
750


Глубина, мм
453



","[<td class=""bxr-props-table-value"">738</td>, <td class=""bxr-props-table-value"">750</td>, <td class=""bxr-props-table-value"">453</td>]",33 651 руб.
"

                                    Шкаф инструментальный TC-1995/2- 022050                                 


Высота, мм
1900


Ширина, мм
950


Глубина, мм
500



","[<td class=""bxr-props-table-value"">1900</td>, <td class=""bxr-props-table-value"">950</td>, <td class=""bxr-props-table-value"">500</td>]",58 317 руб.
"

                                    Полка сетчатая ШС Циклон 1965                                 


Высота, мм
20


Ширина, мм
303


Глубина, мм
534



","[<td class=""bxr-props-table-value"">20</td>, <td class=""bxr-props-table-value"">303</td>, <td class=""bxr-props-table-value"">534</td>]",1 006 руб.
"

                                    Верстак MASTER (№103) MT100.MF1/MF1.100                                 


Высота, мм
875


Ширина, мм
1000


Глубина, мм
500



","[<td class=""bxr-props-table-value"">875</td>, <td class=""bxr-props-table-value"">1000</td>, <td class=""bxr-props-table-value"">500</td>]",13 022 руб.
"

                                    Ящик AMH TC 125                                 


Высота, мм
125


Ширина, мм
840


Глубина, мм
400



","[<td class=""bxr-props-table-value"">125</td>, <td class=""bxr-props-table-value"">840</td>, <td class=""bxr-props-table-value"">400</td>]",6 073 руб.
"

                                    Инструментальный стенд                                 


Высота, мм
2010


Ширина, мм
1040


Глубина, мм
510



","[<td class=""bxr-props-table-value"">2010</td>, <td class=""bxr-props-table-value"">1040</td>, <td class=""bxr-props-table-value"">510</td>]",18 615 руб.
"

                                    Шкаф инструментальный TC-1995/2-102215                                 


Высота, мм
1900


Ширина, мм
950


Глубина, мм
500



","[<td class=""bxr-props-table-value"">1900</td>, <td class=""bxr-props-table-value"">950</td>, <td class=""bxr-props-table-value"">500</td>]",56 238 руб.
"

                                    Инструментальный шкаф HARD 2000-062011                                 


Высота, мм
1998


Ширина, мм
1150


Глубина, мм
650



","[<td class=""bxr-props-table-value"">1998</td>, <td class=""bxr-props-table-value"">1150</td>, <td class=""bxr-props-table-value"">650</td>]",103 324 руб.
"

                                    Инструментальный шкаф AMH TC-062030                                 


Высота, мм
1850


Ширина, мм
920


Глубина, мм
460



","[<td class=""bxr-props-table-value"">1850</td>, <td class=""bxr-props-table-value"">920</td>, <td class=""bxr-props-table-value"">460</td>]",98 148 руб.
"

                                    Инструментальный шкаф HARD 1000-021000                                 


Высота, мм
998


Ширина, мм
1150


Глубина, мм
650



","[<td class=""bxr-props-table-value"">998</td>, <td class=""bxr-props-table-value"">1150</td>, <td class=""bxr-props-table-value"">650</td>]",66 260 руб.
"

                                    Инструментальный шкаф AMH TC-004000 ЧПУ                                 


Высота, мм
1850


Ширина, мм
920


Глубина, мм
460



","[<td class=""bxr-props-table-value"">1850</td>, <td class=""bxr-props-table-value"">920</td>, <td class=""bxr-props-table-value"">460</td>]",79 032 руб.
"

                                    Инструментальный шкаф HARD 1000-020000                                 


Высота, мм
998


Ширина, мм
1150


Глубина, мм
650



","[<td class=""bxr-props-table-value"">998</td>, <td class=""bxr-props-table-value"">1150</td>, <td class=""bxr-props-table-value"">650</td>]",53 154 руб.
"

                                    Полка сетчатая ШС Циклон 1985                                 


Высота, мм
20


Ширина, мм
403


Глубина, мм
534



","[<td class=""bxr-props-table-value"">20</td>, <td class=""bxr-props-table-value"">403</td>, <td class=""bxr-props-table-value"">534</td>]",1 106 руб.
"

                                    Инструментальный шкаф AMH TC-004000 EL                                 


Высота, мм
1850


Ширина, мм
920


Глубина, мм
460



","[<td class=""bxr-props-table-value"">1850</td>, <td class=""bxr-props-table-value"">920</td>, <td class=""bxr-props-table-value"">460</td>]",77 363 руб.
"

                                    Верстак Expert (№225) WTS 200.F2/F2/F2.210                                 


Высота, мм
1370


Ширина, мм
2000


Глубина, мм
700



","[<td class=""bxr-props-table-value"">1370</td>, <td class=""bxr-props-table-value"">2000</td>, <td class=""bxr-props-table-value"">700</td>]",62 846 руб.
"

                                    Верстак Profi (№400) WT140.WD1/F1.000                                 


Высота, мм
866


Ширина, мм
1400


Глубина, мм
700



","[<td class=""bxr-props-table-value"">866</td>, <td class=""bxr-props-table-value"">1400</td>, <td class=""bxr-props-table-value"">700</td>]",22 823 руб.
"

                                    Инструментальный шкаф AMH TC-005020                                 


Высота, мм
1850


Ширина, мм
920


Глубина, мм
460



","[<td class=""bxr-props-table-value"">1850</td>, <td class=""bxr-props-table-value"">920</td>, <td class=""bxr-props-table-value"">460</td>]",93 077 руб.
"

                                    Инструментальный шкаф AMH TC-004000                                 


Высота, мм
1850


Ширина, мм
920


Глубина, мм
460



","[<td class=""bxr-props-table-value"">1850</td>, <td class=""bxr-props-table-value"">920</td>, <td class=""bxr-props-table-value"">460</td>]",77 363 руб.
"

                                    Инструментальный шкаф HARD 1000-002030                                 


Высота, мм
998


Ширина, мм
1150


Глубина, мм
650



","[<td class=""bxr-props-table-value"">998</td>, <td class=""bxr-props-table-value"">1150</td>, <td class=""bxr-props-table-value"">650</td>]",88 235 руб.
"

                                    Шкаф инструментальный ТС 1995-023000                                 


Высота, мм
1900


Ширина, мм
950


Глубина, мм
500



","[<td class=""bxr-props-table-value"">1900</td>, <td class=""bxr-props-table-value"">950</td>, <td class=""bxr-props-table-value"">500</td>]",31 630 руб.
"

                                    Шкаф сушильный ШС Циклон 1985                                 


Высота, мм
1950*/2000


Ширина, мм
850


Глубина, мм
600       (*высота без фланца)



","[<td class=""bxr-props-table-value"">1950*/2000</td>, <td class=""bxr-props-table-value"">850</td>, <td class=""bxr-props-table-value"">600       (*высота без фланца)</td>]",58 229 руб.
"

                                    Блок электророзеток                                 


Высота, мм
100


Ширина, мм
260


Глубина, мм
60



","[<td class=""bxr-props-table-value"">100</td>, <td class=""bxr-props-table-value"">260</td>, <td class=""bxr-props-table-value"">60</td>]",4 203 руб.
"

                                    Модульный драйвер для хранения инструмента                                 


Высота, мм
1470


Ширина, мм
750


Глубина, мм
453



","[<td class=""bxr-props-table-value"">1470</td>, <td class=""bxr-props-table-value"">750</td>, <td class=""bxr-props-table-value"">453</td>]",
"

                                    Комплект перегородок WDS                                 


Высота, мм
71.5


Ширина, мм
650


Глубина, мм
375



","[<td class=""bxr-props-table-value"">71.5</td>, <td class=""bxr-props-table-value"">650</td>, <td class=""bxr-props-table-value"">375</td>]",2 170 руб.
"

                                    Шкаф инструментальный ТС 1095-021010                                 


Высота, мм
1000


Ширина, мм
950


Глубина, мм
500



","[<td class=""bxr-props-table-value"">1000</td>, <td class=""bxr-props-table-value"">950</td>, <td class=""bxr-props-table-value"">500</td>]",25 832 руб.
"

                                    Шкаф инструментальный TC-1995/2-1220110                                 


Высота, мм
1900


Ширина, мм
950


Глубина, мм
500



","[<td class=""bxr-props-table-value"">1900</td>, <td class=""bxr-props-table-value"">950</td>, <td class=""bxr-props-table-value"">500</td>]",74 816 руб.
"

                                    Шкаф сушильный ШС Ветерок 1940 (без полок)                                 


Высота, мм
1950*/2000


Ширина, мм
850


Глубина, мм
500



","[<td class=""bxr-props-table-value"">1950*/2000</td>, <td class=""bxr-props-table-value"">850</td>, <td class=""bxr-props-table-value"">500</td>]",46 768 руб.
"

                                    Шкаф Profi WD                                 


Высота, мм
600


Ширина, мм
460


Глубина, мм
211



","[<td class=""bxr-props-table-value"">600</td>, <td class=""bxr-props-table-value"">460</td>, <td class=""bxr-props-table-value"">211</td>]",5 397 руб.
"

                                    Держатель для полотенец                                 


Высота, мм
92


Ширина, мм
360


Глубина, мм
126



","[<td class=""bxr-props-table-value"">92</td>, <td class=""bxr-props-table-value"">360</td>, <td class=""bxr-props-table-value"">126</td>]",585 руб.
"

                                    Полка малая SSh                                 


Высота, мм
70


Ширина, мм
327


Глубина, мм
151



","[<td class=""bxr-props-table-value"">70</td>, <td class=""bxr-props-table-value"">327</td>, <td class=""bxr-props-table-value"">151</td>]",384 руб.
"

                                    Комплект WS-6                                 


Высота, мм
1700


Ширина, мм
665


Глубина, мм
640



","[<td class=""bxr-props-table-value"">1700</td>, <td class=""bxr-props-table-value"">665</td>, <td class=""bxr-props-table-value"">640</td>]",73 601 руб.
"

                                    Шкаф инструментальный TC-1947-000202ГК                                 


Высота, мм
1900


Ширина, мм
475


Глубина, мм
500



","[<td class=""bxr-props-table-value"">1900</td>, <td class=""bxr-props-table-value"">475</td>, <td class=""bxr-props-table-value"">500</td>]",24 246 руб.
"

                                    Инструментальная тележка Garage Big                                 


Высота, мм
1850*/1930


Ширина, мм
722


Глубина, мм
515



","[<td class=""bxr-props-table-value"">1850*/1930</td>, <td class=""bxr-props-table-value"">722</td>, <td class=""bxr-props-table-value"">515</td>]",10 570 руб.
"

                                    Инструментальный шкаф HARD 2000-033011                                 


Высота, мм
1998


Ширина, мм
1150


Глубина, мм
650



","[<td class=""bxr-props-table-value"">1998</td>, <td class=""bxr-props-table-value"">1150</td>, <td class=""bxr-props-table-value"">650</td>]",106 788 руб.
"

                                    Шкаф инструментальный TC-1995/2-024010                                 


Высота, мм
1900


Ширина, мм
950


Глубина, мм
500



","[<td class=""bxr-props-table-value"">1900</td>, <td class=""bxr-props-table-value"">950</td>, <td class=""bxr-props-table-value"">500</td>]",37 940 руб.
"

                                    Инструментальный шкаф HARD 2000-033013                                 


Высота, мм
1998


Ширина, мм
1150


Глубина, мм
650



","[<td class=""bxr-props-table-value"">1998</td>, <td class=""bxr-props-table-value"">1150</td>, <td class=""bxr-props-table-value"">650</td>]",121 772 руб.
"

                                    Инструментальный шкаф HARD 1000-001010                                 


Высота, мм
998


Ширина, мм
1150


Глубина, мм
650



","[<td class=""bxr-props-table-value"">998</td>, <td class=""bxr-props-table-value"">1150</td>, <td class=""bxr-props-table-value"">650</td>]",61 418 руб.
"

                                    TC перегородка вертикальная TCD-900                                 


Высота, мм
900


Ширина, мм
470


Глубина, мм
40



","[<td class=""bxr-props-table-value"">900</td>, <td class=""bxr-props-table-value"">470</td>, <td class=""bxr-props-table-value"">40</td>]",2 292 руб.
"

                                    TC перегородка вертикальная TCD-1800/2                                 


Высота, мм
730


Ширина, мм
945


Глубина, мм
470



","[<td class=""bxr-props-table-value"">730</td>, <td class=""bxr-props-table-value"">945</td>, <td class=""bxr-props-table-value"">470</td>]",3 669 руб.
"

                                    Крючок НК 3                                 


Высота, мм
60


Ширина, мм
25


Глубина, мм
130



","[<td class=""bxr-props-table-value"">60</td>, <td class=""bxr-props-table-value"">25</td>, <td class=""bxr-props-table-value"">130</td>]",256 руб.
"

                                    Держатель ключей WH                                 


Высота, мм
70


Ширина, мм
250


Глубина, мм
151



","[<td class=""bxr-props-table-value"">70</td>, <td class=""bxr-props-table-value"">250</td>, <td class=""bxr-props-table-value"">151</td>]",334 руб.
"

                                    Верстак Profi (№ 109) WT100.F1/F1.100                                 


Высота, мм
880


Ширина, мм
1000


Глубина, мм
700



","[<td class=""bxr-props-table-value"">880</td>, <td class=""bxr-props-table-value"">1000</td>, <td class=""bxr-props-table-value"">700</td>]",22 425 руб.
"

                                    Шкаф инструментальный TC-1995/2-121215                                 


Высота, мм
1900


Ширина, мм
950


Глубина, мм
500



","[<td class=""bxr-props-table-value"">1900</td>, <td class=""bxr-props-table-value"">950</td>, <td class=""bxr-props-table-value"">500</td>]",56 560 руб.
"

                                    TC экран перфорированный TCS 50x43                                 


Высота, мм
500


Ширина, мм
435


Глубина, мм
20



","[<td class=""bxr-props-table-value"">500</td>, <td class=""bxr-props-table-value"">435</td>, <td class=""bxr-props-table-value"">20</td>]",1 031 руб.
"

                                    Инструментальная тележка WDS-6.0 new                                 


Высота, мм
905


Ширина, мм
860


Глубина, мм
540



","[<td class=""bxr-props-table-value"">905</td>, <td class=""bxr-props-table-value"">860</td>, <td class=""bxr-props-table-value"">540</td>]",46 576 руб.
"

                                    Комплект боковых экранов Garage MS                                 


Высота, мм
500


Ширина, мм
398


Глубина, мм
20



","[<td class=""bxr-props-table-value"">500</td>, <td class=""bxr-props-table-value"">398</td>, <td class=""bxr-props-table-value"">20</td>]",1 486 руб.
"

                                    Держатель для шестигранников                                 


Высота, мм
40


Ширина, мм
160


Глубина, мм
50



","[<td class=""bxr-props-table-value"">40</td>, <td class=""bxr-props-table-value"">160</td>, <td class=""bxr-props-table-value"">50</td>]",225 руб.
"

                                    Верстак Profi (№203) WT120.WD1/F1.010                                 


Высота, мм
1366


Ширина, мм
1200


Глубина, мм
700



","[<td class=""bxr-props-table-value"">1366</td>, <td class=""bxr-props-table-value"">1200</td>, <td class=""bxr-props-table-value"">700</td>]",24 221 руб.
"

                                    Верстак Profi (№ 108) WT100.F1/F1.000                                 


Высота, мм
880


Ширина, мм
1000


Глубина, мм
700



","[<td class=""bxr-props-table-value"">880</td>, <td class=""bxr-props-table-value"">1000</td>, <td class=""bxr-props-table-value"">700</td>]",11 386 руб.
"

                                    Шкаф инструментальный TC-1995                                 


Высота, мм
1900


Ширина, мм
950


Глубина, мм
500



","[<td class=""bxr-props-table-value"">1900</td>, <td class=""bxr-props-table-value"">950</td>, <td class=""bxr-props-table-value"">500</td>]",22 952 руб.
"

                                    Верстак Expert (№221) WTS200.F2/F2.000                                 


Высота, мм
870


Ширина, мм
2000


Глубина, мм
700



","[<td class=""bxr-props-table-value"">870</td>, <td class=""bxr-props-table-value"">2000</td>, <td class=""bxr-props-table-value"">700</td>]",37 010 руб.
"

                                    Шкаф инструментальный ТС 1995-041040                                 


Высота, мм
1900


Ширина, мм
950


Глубина, мм
500



","[<td class=""bxr-props-table-value"">1900</td>, <td class=""bxr-props-table-value"">950</td>, <td class=""bxr-props-table-value"">500</td>]",52 674 руб.
"

                                    Экран WS-60                                 


Высота, мм
600


Ширина, мм
600


Глубина, мм
20



","[<td class=""bxr-props-table-value"">600</td>, <td class=""bxr-props-table-value"">600</td>, <td class=""bxr-props-table-value"">20</td>]",1 476 руб.
"

                                    Ящик Profi WD-0                                 


Высота, мм
287


Ширина, мм
460


Глубина, мм
640



","[<td class=""bxr-props-table-value"">287</td>, <td class=""bxr-props-table-value"">460</td>, <td class=""bxr-props-table-value"">640</td>]",8 348 руб.
"

                                    Верстак Garage №112                                 


Высота, мм
920


Ширина, мм
1000


Глубина, мм
500



","[<td class=""bxr-props-table-value"">920</td>, <td class=""bxr-props-table-value"">1000</td>, <td class=""bxr-props-table-value"">500</td>]",6 374 руб.
"

                                    TC полка для ЧПУ SK-50                                 


Высота, мм
225


Ширина, мм
918


Глубина, мм
434



","[<td class=""bxr-props-table-value"">225</td>, <td class=""bxr-props-table-value"">918</td>, <td class=""bxr-props-table-value"">434</td>]",5 505 руб.
"

                                    Шкаф инструментальный ТС 1995-004030                                 


Высота, мм
1900


Ширина, мм
950


Глубина, мм
500



","[<td class=""bxr-props-table-value"">1900</td>, <td class=""bxr-props-table-value"">950</td>, <td class=""bxr-props-table-value"">500</td>]",47 807 руб.
"

                                    Шкаф инструментальный ТС 1995-120402                                 


Высота, мм
1900


Ширина, мм
950


Глубина, мм
500



","[<td class=""bxr-props-table-value"">1900</td>, <td class=""bxr-props-table-value"">950</td>, <td class=""bxr-props-table-value"">500</td>]",41 071 руб.
"

                                    TC ящик выдвижной TCF 39x45                                 


Высота, мм
100


Ширина, мм
390


Глубина, мм
450



","[<td class=""bxr-props-table-value"">100</td>, <td class=""bxr-props-table-value"">390</td>, <td class=""bxr-props-table-value"">450</td>]",3 669 руб.
"

                                    Шкаф инструментальный ТС 1995-023020                                 


Высота, мм
1900


Ширина, мм
950


Глубина, мм
500



","[<td class=""bxr-props-table-value"">1900</td>, <td class=""bxr-props-table-value"">950</td>, <td class=""bxr-props-table-value"">500</td>]",43 559 руб.
"

                                    Инструментальная тележка WDS-4                                 


Высота, мм
780


Ширина, мм
753


Глубина, мм
518



","[<td class=""bxr-props-table-value"">780</td>, <td class=""bxr-props-table-value"">753</td>, <td class=""bxr-props-table-value"">518</td>]",24 500 руб.
"

                                    Полка для баллончиков ScSh                                 


Высота, мм
70


Ширина, мм
270


Глубина, мм
70



","[<td class=""bxr-props-table-value"">70</td>, <td class=""bxr-props-table-value"">270</td>, <td class=""bxr-props-table-value"">70</td>]",334 руб.
"

                                    Ящик пластиковый Практик 200x157x90                                 


Высота, мм
90


Ширина, мм
157


Глубина, мм
200



","[<td class=""bxr-props-table-value"">90</td>, <td class=""bxr-props-table-value"">157</td>, <td class=""bxr-props-table-value"">200</td>]",188 руб.
"

                                    TC полка большая TCSh 95х47                                 


Высота, мм
25


Ширина, мм
945


Глубина, мм
430



","[<td class=""bxr-props-table-value"">25</td>, <td class=""bxr-props-table-value"">945</td>, <td class=""bxr-props-table-value"">430</td>]",1 741 руб.
"

                                    TC гардеробный комплект TCSh                                 


Высота, мм
25


Ширина, мм
470


Глубина, мм
433



","[<td class=""bxr-props-table-value"">25</td>, <td class=""bxr-props-table-value"">470</td>, <td class=""bxr-props-table-value"">433</td>]",1 306 руб.
"

                                    Инструментальный шкаф AMH TC-003000 ЧПУ                                 


Высота, мм
1850


Ширина, мм
920


Глубина, мм
460



","[<td class=""bxr-props-table-value"">1850</td>, <td class=""bxr-props-table-value"">920</td>, <td class=""bxr-props-table-value"">460</td>]",75 046 руб.
"

                                    Шкаф инструментальный ТС 1095-001030                                 


Высота, мм
1000


Ширина, мм
950


Глубина, мм
500



","[<td class=""bxr-props-table-value"">1000</td>, <td class=""bxr-props-table-value"">950</td>, <td class=""bxr-props-table-value"">500</td>]",35 699 руб.
"

                                    Шкаф инструментальный ТС 1995-042000                                 


Высота, мм
1900


Ширина, мм
950


Глубина, мм
500



","[<td class=""bxr-props-table-value"">1900</td>, <td class=""bxr-props-table-value"">950</td>, <td class=""bxr-props-table-value"">500</td>]",30 557 руб.
"

                                    Шкаф инструментальный ТС 1095-100302                                 


Высота, мм
1000


Ширина, мм
950


Глубина, мм
500



","[<td class=""bxr-props-table-value"">1000</td>, <td class=""bxr-props-table-value"">950</td>, <td class=""bxr-props-table-value"">500</td>]",28 436 руб.
"

                                    Шкаф инструментальный TC-1995/2-1020010                                 


Высота, мм
1900


Ширина, мм
950


Глубина, мм
500



","[<td class=""bxr-props-table-value"">1900</td>, <td class=""bxr-props-table-value"">950</td>, <td class=""bxr-props-table-value"">500</td>]",66 790 руб.
"

                                    Крючок НК 4                                 


Высота, мм
60


Ширина, мм
25


Глубина, мм
60



","[<td class=""bxr-props-table-value"">60</td>, <td class=""bxr-props-table-value"">25</td>, <td class=""bxr-props-table-value"">60</td>]",267 руб.
"

                                    TC ящик выдвижной малый TCF 42x45                                 


Высота, мм
140


Ширина, мм
420


Глубина, мм
450



","[<td class=""bxr-props-table-value"">140</td>, <td class=""bxr-props-table-value"">420</td>, <td class=""bxr-props-table-value"">450</td>]",3 669 руб.
"

                                    Шкаф инструментальный ТС 1995-121215                                 


Высота, мм
1900


Ширина, мм
950


Глубина, мм
500



","[<td class=""bxr-props-table-value"">1900</td>, <td class=""bxr-props-table-value"">950</td>, <td class=""bxr-props-table-value"">500</td>]",57 954 руб.
"

                                    Шкаф инструментальный ТС 1995-120604                                 


Высота, мм
1900


Ширина, мм
950


Глубина, мм
500



","[<td class=""bxr-props-table-value"">1900</td>, <td class=""bxr-props-table-value"">950</td>, <td class=""bxr-props-table-value"">500</td>]",50 237 руб.
"

                                    Шкаф инструментальный ТС 1095-001010                                 


Высота, мм
1000


Ширина, мм
950


Глубина, мм
500



","[<td class=""bxr-props-table-value"">1000</td>, <td class=""bxr-props-table-value"">950</td>, <td class=""bxr-props-table-value"">500</td>]",23 770 руб.
"

                                    Шкаф инструментальный TC-1947-000201ГК                                 


Высота, мм
1900


Ширина, мм
475


Глубина, мм
500



","[<td class=""bxr-props-table-value"">1900</td>, <td class=""bxr-props-table-value"">475</td>, <td class=""bxr-props-table-value"">500</td>]",20 577 руб.
"

                                    Шкаф инструментальный TC-1947-000400                                 


Высота, мм
1900


Ширина, мм
475


Глубина, мм
500



","[<td class=""bxr-props-table-value"">1900</td>, <td class=""bxr-props-table-value"">475</td>, <td class=""bxr-props-table-value"">500</td>]",18 344 руб.
"

                                    Шкаф инструментальный TC-1947-020202                                 


Высота, мм
1900


Ширина, мм
475


Глубина, мм
500



","[<td class=""bxr-props-table-value"">1900</td>, <td class=""bxr-props-table-value"">475</td>, <td class=""bxr-props-table-value"">500</td>]",25 339 руб.
"

                                    Шкаф инструментальный TC-1947                                 


Высота, мм
1900


Ширина, мм
475


Глубина, мм
500



","[<td class=""bxr-props-table-value"">1900</td>, <td class=""bxr-props-table-value"">475</td>, <td class=""bxr-props-table-value"">500</td>]",14 688 руб.
"

                                    TC перегородка вертикальная TCD-1800                                 


Высота, мм
1800


Ширина, мм
470


Глубина, мм
40



","[<td class=""bxr-props-table-value"">1800</td>, <td class=""bxr-props-table-value"">470</td>, <td class=""bxr-props-table-value"">40</td>]",3 669 руб.
"

                                    Шкаф инструментальный ТС 1995-003040                                 


Высота, мм
1900


Ширина, мм
950


Глубина, мм
500



","[<td class=""bxr-props-table-value"">1900</td>, <td class=""bxr-props-table-value"">950</td>, <td class=""bxr-props-table-value"">500</td>]",52 031 руб.
"

                                    Шкаф инструментальный ТС 1995-041030                                 


Высота, мм
1900


Ширина, мм
950


Глубина, мм
500



","[<td class=""bxr-props-table-value"">1900</td>, <td class=""bxr-props-table-value"">950</td>, <td class=""bxr-props-table-value"">500</td>]",46 709 руб.
"

                                    Шкаф инструментальный ТС 1095-100206                                 


Высота, мм
1000


Ширина, мм
950


Глубина, мм
500



","[<td class=""bxr-props-table-value"">1000</td>, <td class=""bxr-props-table-value"">950</td>, <td class=""bxr-props-table-value"">500</td>]",42 198 руб.
"

                                    Шкаф инструментальный ТС 1095-100215                                 


Высота, мм
1000


Ширина, мм
950


Глубина, мм
500



","[<td class=""bxr-props-table-value"">1000</td>, <td class=""bxr-props-table-value"">950</td>, <td class=""bxr-props-table-value"">500</td>]",45 871 руб.
"

                                    Экран WS-160 без косынок                                 


Высота, мм
500


Ширина, мм
1600


Глубина, мм
20



","[<td class=""bxr-props-table-value"">500</td>, <td class=""bxr-props-table-value"">1600</td>, <td class=""bxr-props-table-value"">20</td>]",3 143 руб.
"

                                    Держатель для пластикового ящика                                 


Высота, мм
89


Ширина, мм
190


Глубина, мм
13



","[<td class=""bxr-props-table-value"">89</td>, <td class=""bxr-props-table-value"">190</td>, <td class=""bxr-props-table-value"">13</td>]",195 руб.
"

                                    Инструментальный шкаф AMH TC-062000                                 


Высота, мм
1850


Ширина, мм
920


Глубина, мм
460



","[<td class=""bxr-props-table-value"">1850</td>, <td class=""bxr-props-table-value"">920</td>, <td class=""bxr-props-table-value"">460</td>]",79 929 руб.
"

                                    Шкаф инструментальный TC-1947-000200ГК                                 


Высота, мм
1900


Ширина, мм
475


Глубина, мм
500



","[<td class=""bxr-props-table-value"">1900</td>, <td class=""bxr-props-table-value"">475</td>, <td class=""bxr-props-table-value"">500</td>]",16 908 руб.
"

                                    Шкаф инструментальный ТС 1995-004020                                 


Высота, мм
1900


Ширина, мм
950


Глубина, мм
500



","[<td class=""bxr-props-table-value"">1900</td>, <td class=""bxr-props-table-value"">950</td>, <td class=""bxr-props-table-value"">500</td>]",41 843 руб.
"

                                    Шкаф инструментальный ТС 1095-002000                                 


Высота, мм
1000


Ширина, мм
950


Глубина, мм
500



","[<td class=""bxr-props-table-value"">1000</td>, <td class=""bxr-props-table-value"">950</td>, <td class=""bxr-props-table-value"">500</td>]",19 546 руб.
"

                                    Инструментальный шкаф HARD 2000-004012                                 



",[],113 988 руб.
"

                                    Инструментальный шкаф HARD 1000-021010                                 


Высота, мм
998


Ширина, мм
1150


Глубина, мм
650



","[<td class=""bxr-props-table-value"">998</td>, <td class=""bxr-props-table-value"">1150</td>, <td class=""bxr-props-table-value"">650</td>]",64 382 руб.
"

                                    Комплект полок AMH TC HSK 63 (2шт.)                                 


Высота, мм
30


Ширина, мм
840


Глубина, мм
170



","[<td class=""bxr-props-table-value"">30</td>, <td class=""bxr-props-table-value"">840</td>, <td class=""bxr-props-table-value"">170</td>]",3 986 руб.
"

                                    Инструментальный шкаф AMH TC-062032                                 


Высота, мм
1850


Ширина, мм
920


Глубина, мм
460



","[<td class=""bxr-props-table-value"">1850</td>, <td class=""bxr-props-table-value"">920</td>, <td class=""bxr-props-table-value"">460</td>]",109 459 руб.
"

                                    Шкаф инструментальный  TC-1947-000402                                 


Высота, мм
1900


Ширина, мм
475


Глубина, мм
500



","[<td class=""bxr-props-table-value"">1900</td>, <td class=""bxr-props-table-value"">475</td>, <td class=""bxr-props-table-value"">500</td>]",25 681 руб.
"

                                    TC полка для ЧПУ HSK-63                                 


Высота, мм
225


Ширина, мм
918


Глубина, мм
434



","[<td class=""bxr-props-table-value"">225</td>, <td class=""bxr-props-table-value"">918</td>, <td class=""bxr-props-table-value"">434</td>]",5 505 руб.
"

                                    Инструментальный шкаф HARD 2000-062012                                 


Высота, мм
1998


Ширина, мм
1150


Глубина, мм
650



","[<td class=""bxr-props-table-value"">1998</td>, <td class=""bxr-props-table-value"">1150</td>, <td class=""bxr-props-table-value"">650</td>]",112 568 руб.
"

                                    Ящик для тележки Garage                                 


Высота, мм
85


Ширина, мм
622


Глубина, мм
496



","[<td class=""bxr-props-table-value"">85</td>, <td class=""bxr-props-table-value"">622</td>, <td class=""bxr-props-table-value"">496</td>]",2 872 руб.
"

                                    Шкаф инструментальный TC-1947-020300                                 


Высота, мм
1900


Ширина, мм
475


Глубина, мм
500



","[<td class=""bxr-props-table-value"">1900</td>, <td class=""bxr-props-table-value"">475</td>, <td class=""bxr-props-table-value"">500</td>]",18 916 руб.
"

                                    Кронштейн крепления двух экранов WS (2 шт.)                                 


Высота, мм
40


Ширина, мм
1050


Глубина, мм
20



","[<td class=""bxr-props-table-value"">40</td>, <td class=""bxr-props-table-value"">1050</td>, <td class=""bxr-props-table-value"">20</td>]",1 232 руб.
"

                                    Инструментальная тележка WDS HARD                                 


Высота, мм
745


Ширина, мм
745


Глубина, мм
450



","[<td class=""bxr-props-table-value"">745</td>, <td class=""bxr-props-table-value"">745</td>, <td class=""bxr-props-table-value"">450</td>]",21 428 руб.
"

                                    Шкаф инструментальный TC-1995/2-102206                                 


Высота, мм
1900


Ширина, мм
950


Глубина, мм
500



","[<td class=""bxr-props-table-value"">1900</td>, <td class=""bxr-props-table-value"">950</td>, <td class=""bxr-props-table-value"">500</td>]",52 565 руб.
"

                                    Полка для тележки HARD                                 


Высота, мм
42,5


Ширина, мм
696


Глубина, мм
446



","[<td class=""bxr-props-table-value"">42,5</td>, <td class=""bxr-props-table-value"">696</td>, <td class=""bxr-props-table-value"">446</td>]",2 053 руб.
