title,description,size,price
Шкаф для раздевалок усиленный ML-11-50U (LS-11-50),"

Вес, кг

						26					



Габариты, мм

						1830x500x500					


",['1830x500x500'],По запросу
Шкаф для раздевалок усиленный ML/LS-11-40D,"

Вес, кг

						23					



Габариты, мм

						1830x400x500					


",['1830x400x500'],"
						10 468						
							 руб.							за 1 шт

"
Шкаф для раздевалок ПРАКТИК усиленный ML 11-50D,"

Вес, кг

						22					



Габариты, мм

						1830x500x500					


",['1830x500x500'],"
						13 195						
							 руб.							за 1 шт

"
Шкаф для сумок ПРАКТИК Стандарт LS-34,"

Вес, кг

						44					



Габариты, мм

						1830x885x500					


",['1830x885x500'],"
						27 489						
							 руб.							за 1 шт

"
Шкаф для раздевалок ПРАКТИК Стандарт LS-31,"

Вес, кг

						40					



Габариты, мм

						1830x885x500					


",['1830x885x500'],"
						15 011						
							 руб.							за 1 шт

"
Картотека ПРАКТИК AFC-07C,"

Вес, кг

						71					



Габариты, мм

						1327x515x631					


",['1327x515x631'],"
						40 112						
							 руб.							за 1 шт

"
Картотека ПРАКТИК AFC-07,"

Вес, кг

						71					



Габариты, мм

						1327x515x631					


",['1327x515x631'],"
						39 848						
							 руб.							за 1 шт

"
Шкаф для раздевалок ПРАКТИК Стандарт LS-21-80U,"

Вес, кг

						38					



Габариты, мм

						1830x800x500					


",['1830x800x500'],"
						12 534						
							 руб.							за 1 шт

"
Офисный шкаф ПРАКТИК AMT 0812,"

Вес, кг

						34					



Габариты, мм

						832x1215x458					


",['832x1215x458'],"
						25 299						
							 руб.							за 1 шт

"
Офисный шкаф ПРАКТИК CB-21,"

Вес, кг

						28					



Габариты, мм

						1000x1000x500					


",['1000x1000x500'],"
						13 819						
							 руб.							за 1 шт

"
Офисный шкаф ПРАКТИК CB-22,"

Вес, кг

						52					



Габариты, мм

						1900x1000x500					


",['1900x1000x500'],"
						26 011						
							 руб.							за 1 шт

"
Офисный шкаф ПРАКТИК CB-15,"

Вес, кг

						51					



Габариты, мм

						2000x850x500					


",['2000x850x500'],"
						23 751						
							 руб.							за 1 шт

"
Офисный шкаф ПРАКТИК CB-14,"

Вес, кг

						46					



Габариты, мм

						1860x850x500					


",['1860x850x500'],"
						18 525						
							 руб.							за 1 шт

"
Офисный шкаф ПРАКТИК CB-13,"

Вес, кг

						24					



Габариты, мм

						930x850x500					


",['930x850x500'],"
						12 438						
							 руб.							за 1 шт

"
Офисный шкаф ПРАКТИК CB-12,"

Вес, кг

						41					



Габариты, мм

						1860x850x400					


",['1860x850x400'],"
						16 634						
							 руб.							за 1 шт

"
Офисный шкаф ПРАКТИК CB-11,"

Вес, кг

						22					



Габариты, мм

						930x850x400					


",['930x850x400'],"
						10 899						
							 руб.							за 1 шт

"
Картотека ПРАКТИК A0-05/3 (низ),"

Вес, кг

						110					



Габариты, мм

						465x1359x927					


",['465x1359x927'],"
						73 187						
							 руб.							за 1 шт

"
Картотека ПРАКТИК A0-05/2 (промежуточная секция),"

Вес, кг

						105					



Габариты, мм

						390x1359x927					


",['390x1359x927'],"
						73 187						
							 руб.							за 1 шт

"
Картотека ПРАКТИК A0-05/1 (верх),"

Вес, кг

						118					



Габариты, мм

						415x1359x927					


",['415x1359x927'],"
						73 187						
							 руб.							за 1 шт

"
Цоколь ML-500 базового модуля,"

Габариты, мм

						55-85x498x460					


",['85x498x460'],"
						1 161						
							 руб.							за 1 шт

"
Цоколь ML-400 дополнительного модуля,"

Габариты, мм

						55-85x398x460					


",['85x398x460'],"
						950						
							 руб.							за 1 шт

"
Цоколь ML-400 базового модуля,"

Габариты, мм

						55-85x398x460					


",['85x398x460'],"
						1 161						
							 руб.							за 1 шт

"
Цоколь ML-300 дополнительного модуля,"

Габариты, мм

						55-85x298x460					


",['85x298x460'],"
						818						
							 руб.							за 1 шт

"
Цоколь ML-300 базового модуля,"

Габариты, мм

						55-85x298x460					


",['85x298x460'],"
						1 161						
							 руб.							за 1 шт

"
Антресоль LS-21-80,"

Вес, кг

						12					



Габариты, мм

						500x800x500					


",['500x800x500'],"
						5 002						
							 руб.							за 1 шт

"
Антресоль LS-21-60,"

Вес, кг

						10.5					



Габариты, мм

						500x600x500					


",['500x600x500'],"
						4 592						
							 руб.							за 1 шт

"
Офисный шкаф ПРАКТИК AMT 1812,"

Вес, кг

						66					



Габариты, мм

						1830x1215x458					


",['1830x1215x458'],"
						37 262						
							 руб.							за 1 шт

"
Офисный шкаф ПРАКТИК AMT 1891,"

Вес, кг

						48					



Габариты, мм

						1830x915x458					


",['1830x915x458'],"
						28 149						
							 руб.							за 1 шт

"
Офисный шкаф ПРАКТИК AMT 0891,"

Вес, кг

						26					



Габариты, мм

						832x915x458					


",['832x915x458'],"
						19 300						
							 руб.							за 1 шт

"
Бухгалтерский шкаф AIKO SL- 185/4,"

Вес, кг

						36					



Объём, л

						47					



Габариты, мм

						1800x460x340					


",['1800x460x340'],"
						21 402						
							 руб.							за 1 шт

"
Бухгалтерский шкаф AIKO SL-185/2,"

Вес, кг

						85					



Объём, л

						480					



Габариты, мм

						1800x920x340					


",['1800x920x340'],"
						33 117						
							 руб.							за 1 шт

"
Бухгалтерский шкаф AIKO SL-185,"

Вес, кг

						45					



Объём, л

						240					



Габариты, мм

						1800x460x340					


",['1800x460x340'],"
						17 604						
							 руб.							за 1 шт

"
Бухгалтерский шкаф AIKO SL-150/3Т EL,"

Вес, кг

						36					



Объём, л

						18					



Габариты, мм

						1490x460x340					


",['1490x460x340'],"
						20 953						
							 руб.							за 1 шт

"
Бухгалтерский шкаф AIKO SL-150/3Т,"

Вес, кг

						36					



Объём, л

						42					



Габариты, мм

						1490x460x340					


",['1490x460x340'],"
						19 492						
							 руб.							за 1 шт

"
Бухгалтерский шкаф AIKO SL-150/2Т EL,"

Вес, кг

						36					



Объём, л

						62					



Габариты, мм

						1490x460x340					


",['1490x460x340'],"
						18 859						
							 руб.							за 1 шт

"
Бухгалтерский шкаф AIKO SL-150/2Т,"

Вес, кг

						35					



Объём, л

						62					



Габариты, мм

						1490x460x340					


",['1490x460x340'],"
						17 398						
							 руб.							за 1 шт

"
Бухгалтерский шкаф AIKO SL-150Т EL,"

Вес, кг

						32					



Объём, л

						179					



Габариты, мм

						1490x460x340					


",['1490x460x340'],"
						17 068						
							 руб.							за 1 шт

"
Бухгалтерский шкаф AIKO SL-150Т,"

Вес, кг

						32					



Объём, л

						179					



Габариты, мм

						1490x460x340					


",['1490x460x340'],"
						15 607						
							 руб.							за 1 шт

"
Бухгалтерский шкаф AIKO SL-125/2Т EL,"

Вес, кг

						30					



Объём, л

						63					



Габариты, мм

						1252x460x340					


",['1252x460x340'],"
						16 318						
							 руб.							за 1 шт

"
Бухгалтерский шкаф AIKO SL-125/2Т,"

Вес, кг

						30					



Объём, л

						63					



Габариты, мм

						1252x460x340					


",['1252x460x340'],"
						14 857						
							 руб.							за 1 шт

"
Бухгалтерский шкаф AIKO SL-125Т EL,"

Вес, кг

						28					



Объём, л

						146					



Габариты, мм

						1252x460x340					


",['1252x460x340'],"
						13 746						
							 руб.							за 1 шт

"
Бухгалтерский шкаф AIKO SL-125Т,"

Вес, кг

						28					



Объём, л

						146					



Габариты, мм

						1252x460x340					


",['1252x460x340'],"
						12 285						
							 руб.							за 1 шт

"
Бухгалтерский шкаф AIKO SL-87Т EL,"

Вес, кг

						21					



Объём, л

						95					



Габариты, мм

						870x460x340					


",['870x460x340'],"
						11 750						
							 руб.							за 1 шт

"
Бухгалтерский шкаф AIKO SL-87Т,"

Вес, кг

						21					



Объём, л

						95					



Габариты, мм

						870x460x340					


",['870x460x340'],"
						10 289						
							 руб.							за 1 шт

"
Бухгалтерский шкаф AIKO SL-65Т EL,"

Вес, кг

						17					



Объём, л

						65					



Габариты, мм

						630x460x340					


",['630x460x340'],"
						9 987						
							 руб.							за 1 шт

"
Бухгалтерский шкаф AIKO SL-65Т,"

Вес, кг

						17					



Объём, л

						65					



Габариты, мм

						630x460x340					


",['630x460x340'],"
						8 526						
							 руб.							за 1 шт

"
Бухгалтерский шкаф AIKO SL-32Т,"

Вес, кг

						9					



Объём, л

						25					



Габариты, мм

						320x460x340					


",['320x460x340'],"
						6 413						
							 руб.							за 1 шт

"
Бухгалтерский шкаф AIKO SL-32,"

Вес, кг

						8					



Объём, л

						45					



Габариты, мм

						320x460x340					


",['320x460x340'],"
						5 809						
							 руб.							за 1 шт

"
Огнестойкий шкаф VALBERG BM-1993EL,"

Вес, кг

						128					



Объём, л

						615					



Габариты, мм

						1950x930x520					


",['1950x930x520'],"
						122 183						
							 руб.							за 1 шт

"
Огнестойкий шкаф VALBERG BM-1993KL,"

Вес, кг

						129					



Объём, л

						615					



Габариты, мм

						1950x930x520					


",['1950x930x520'],"
						122 183						
							 руб.							за 1 шт

"
Огнестойкий шкаф VALBERG BM-1260EL,"

Вес, кг

						71					



Объём, л

						229					



Габариты, мм

						1220x600x520					


",['1220x600x520'],"
						81 719						
							 руб.							за 1 шт

"
Огнестойкий шкаф VALBERG BM-1260KL,"

Вес, кг

						72					



Объём, л

						211					



Габариты, мм

						1220x600x520					


",['1220x600x520'],"
						81 719						
							 руб.							за 1 шт

"
Скамья для раздевалок W-2000 NT,"

Вес, кг

						18					



Габариты, мм

						450x2000x350					


",['450x2000x350'],По запросу
Скамья для раздевалок W-1500 NT,"

Вес, кг

						14					



Габариты, мм

						450x1500x350					


",['450x1500x350'],По запросу
Скамья для раздевалок W-1200 NT,"

Вес, кг

						11					



Габариты, мм

						450x1200x350					


",['450x1200x350'],По запросу
Скамья для раздевалок W-1000 NT,"

Вес, кг

						9					



Габариты, мм

						450x1000x350					


",['450x1000x350'],По запросу
Шкаф для раздевалок ПРАКТИК Стандарт LS 21-50,"

Вес, кг

						26					



Габариты, мм

						1830x500x500					


",['1830x500x500'],"
						9 103						
							 руб.							за 1 шт

"
Шкаф для раздевалок ПРАКТИК усиленный ML 02-30 (дополнительный модуль),"

Вес, кг

						14					



Габариты, мм

						1830x300x500					


",['1830x300x500'],"
						7 917						
							 руб.							за 1 шт

"
Шкаф для раздевалок ПРАКТИК усиленный ML 12-30 базовый модуль (LS-02),"

Вес, кг

						17					



Габариты, мм

						1830x300x500					


",['1830x300x500'],"
						8 796						
							 руб.							за 1 шт

"
Шкаф для раздевалок ПРАКТИК усиленный ML 01-40 дополнительный модуль (LS-001-40),"

Вес, кг

						16					



Габариты, мм

						1830x400x500					


",['1830x400x500'],"
						7 741						
							 руб.							за 1 шт

"
Шкаф для раздевалок ПРАКТИК усиленный ML 11-40 базовый модуль (LS-01-40),"

Вес, кг

						20					



Габариты, мм

						1830x400x500					


",['1830x400x500'],"
						8 621						
							 руб.							за 1 шт

"
Шкаф для раздевалок ПРАКТИК усиленный ML 21-80,"

Вес, кг

						34					



Габариты, мм

						1830x800x500					


",['1830x800x500'],"
						15 658						
							 руб.							за 1 шт

"
Шкаф для раздевалок ПРАКТИК усиленный ML 21-60 (ML-11-30 + ML-01-30),"

Вес, кг

						32					



Габариты, мм

						1830x600x500					


",['1830x600x500'],"
						12 315						
							 руб.							за 1 шт

"
Шкаф для раздевалок ПРАКТИК усиленный ML 01-30 дополнительный модуль (LS-001),"

Вес, кг

						14					



Габариты, мм

						1830x300x500					


",['1830x300x500'],"
						6 773						
							 руб.							за 1 шт

"
Шкаф для раздевалок ПРАКТИК усиленный ML 11-30 базовый модуль (LS-01),"

Вес, кг

						17					



Габариты, мм

						1830x300x500					


",['1830x300x500'],"
						7 653						
							 руб.							за 1 шт

"
Шкаф для сумок ПРАКТИК Стандарт LS-24,"

Вес, кг

						32					



Габариты, мм

						1830x600x500					


",['1830x600x500'],"
						18 200						
							 руб.							за 1 шт

"
Шкаф для раздевалок ПРАКТИК Стандарт LS-21-60 (21-600),"

Вес, кг

						29					



Габариты, мм

						1860x600x500					


",['1860x600x500'],"
						9 745						
							 руб.							за 1 шт

"
Многоящичный шкаф ПРАКТИК MDC-A4/910/15,"

Вес, кг

						26					



Габариты, мм

						910x277x405					


",['910x277x405'],"
						25 523						
							 руб.							за 1 шт

"
Офисный шкаф ПРАКТИК M-18,"

Вес, кг

						45					



Габариты, мм

						1830x915x370					


",['1830x915x370'],"
						16 986						
							 руб.							за 1 шт

"
Офисный шкаф ПРАКТИК M-08,"

Вес, кг

						22					



Габариты, мм

						832x915x370					


",['832x915x370'],"
						11 339						
							 руб.							за 1 шт

"
Шкаф для раздевалок ПРАКТИК Стандарт LS-21,"

Вес, кг

						28					



Габариты, мм

						1830x600x500					


",['1830x600x500'],"
						9 745						
							 руб.							за 1 шт

"
Подставка с выдвижной скамьей LS-21-80 ВСК,"

Вес, кг

						7					



Габариты, мм

						360x800x770					


",['360x800x770'],По запросу
Подставка с выдвижной скамьей LS-21-60 ВСК,"

Вес, кг

						6					



Габариты, мм

						360x600x770					


",['360x600x770'],По запросу
Подставка с выдвижной скамьей LS-21-50 ВСК,"

Вес, кг

						5					



Габариты, мм

						360x500x770					


",['360x500x770'],По запросу
Многоящичный шкаф ПРАКТИК MDC-A4/650/10,"

Вес, кг

						17					



Габариты, мм

						650x277x405					


",['650x277x405'],"
						19 375						
							 руб.							за 1 шт

"
Многоящичный шкаф ПРАКТИК MDC-A4/315/5,"

Вес, кг

						8					



Габариты, мм

						314x277x405					


",['314x277x405'],"
						10 138						
							 руб.							за 1 шт

"
Шкаф для раздевалок ПРАКТИК Стандарт LS-41,"

Вес, кг

						52					



Габариты, мм

						1830x1170x500					


",['1830x1170x500'],"
						18 520						
							 руб.							за 1 шт

"
Шкаф для раздевалок ПРАКТИК Стандарт LS-22,"

Вес, кг

						28					



Габариты, мм

						1830x600x500					


",['1830x600x500'],"
						11 570						
							 руб.							за 1 шт

"
Шкаф для раздевалок ПРАКТИК Стандарт LS-21-80,"

Вес, кг

						35					



Габариты, мм

						1830x800x500					


",['1830x800x500'],"
						12 295						
							 руб.							за 1 шт

"
Офисный шкаф VALBERG AMH 1891,"

Вес, кг

						108					



Объём, л

						713					



Габариты, мм

						1830x921x460					


",['1830x921x460'],"
						65 354						
							 руб.							за 1 шт

"
Офисный шкаф ПРАКТИК AM 2091,"

Вес, кг

						49					



Габариты, мм

						1996x915x458					


",['1996x915x458'],"
						23 751						
							 руб.							за 1 шт

"
Офисный шкаф ПРАКТИК AM 1891,"

Вес, кг

						46					



Габариты, мм

						1830x915x458					


",['1830x915x458'],"
						19 317						
							 руб.							за 1 шт

"
Офисный шкаф ПРАКТИК AM 1845,"

Вес, кг

						29					



Габариты, мм

						1830x472x458					


",['1830x472x458'],"
						13 929						
							 руб.							за 1 шт

"
Офисный шкаф ПРАКТИК AM 0891,"

Вес, кг

						23					



Габариты, мм

						832x915x458					


",['832x915x458'],"
						12 966						
							 руб.							за 1 шт

"
Папка подвесная Foolscap (50 штук),"

Габариты, мм

						245x370x-					


",['245x370x'],"
						3 475						
							 руб.							за 1 шт

"
Мобильная тумба ПРАКТИК BFC-66/3,"

Вес, кг

						21					



Габариты, мм

						660x480x490					


",['660x480x490'],"
						16 023						
							 руб.							за 1 шт

"
Папка подвесная формата А4 (50 штук),"

Габариты, мм

						240x345x-					


",['240x345x'],"
						3 123						
							 руб.							за 1 шт

"
Мобильная тумба ПРАКТИК BA4-65/3 (АР-2),"

Вес, кг

						23					



Габариты, мм

						653x420x490					


",['653x420x490'],"
						14 087						
							 руб.							за 1 шт

"
Абонентский шкаф AMB 180/60D,"

Вес, кг

						112					



Габариты, мм

						1803x600x408					


",['1803x600x408'],"
						99 664						
							 руб.							за 1 шт

"
Абонентский шкаф AMB 180/60,"

Вес, кг

						102					



Габариты, мм

						1800x600x373					


",['1800x600x373'],"
						95 266						
							 руб.							за 1 шт

"
Картотека ПРАКТИК А-44,"

Вес, кг

						38					



Габариты, мм

						1305x408x485					


",['1305x408x485'],"
						25 567						
							 руб.							за 1 шт

"
Картотека ПРАКТИК А-43,"

Вес, кг

						29					



Габариты, мм

						995x408x485					


",['995x408x485'],"
						20 307						
							 руб.							за 1 шт

"
Картотека ПРАКТИК А-42,"

Вес, кг

						21					



Габариты, мм

						685x408x485					


",['685x408x485'],"
						15 310						
							 руб.							за 1 шт

"
Картотека ПРАКТИК AFC-09C,"

Вес, кг

						75					



Габариты, мм

						1327x470x631					


",['1327x470x631'],"
						49 612						
							 руб.							за 1 шт

"
Картотека ПРАКТИК AFC-06C,"

Вес, кг

						62					



Габариты, мм

						1327x553x631					


",['1327x553x631'],"
						36 154						
							 руб.							за 1 шт

"
Картотека ПРАКТИК AFC-06,"

Вес, кг

						62					



Габариты, мм

						1327x553x631					


",['1327x553x631'],"
						35 978						
							 руб.							за 1 шт

"
Картотека ПРАКТИК AFC-05,"

Вес, кг

						59					



Габариты, мм

						1634x470x646					


",['1634x470x646'],"
						34 394						
							 руб.							за 1 шт

"
Картотека ПРАКТИК AFC-04,"

Вес, кг

						48					



Габариты, мм

						1320x470x646					


",['1320x470x646'],"
						29 719						
							 руб.							за 1 шт

"
Картотека ПРАКТИК AFC-03,"

Вес, кг

						39					



Габариты, мм

						1007x470x646					


",['1007x470x646'],"
						24 089						
							 руб.							за 1 шт

"
Картотека ПРАКТИК AFC-02,"

Вес, кг

						24					



Габариты, мм

						693x470x646					


",['693x470x646'],"
						16 700						
							 руб.							за 1 шт

"
Опора ML-500 базового модуля,"

Габариты, мм

						150x500x500					


",['150x500x500'],"
						2 094						
							 руб.							за 1 шт

"
Опора ML-400 дополнительного модуля,"

Габариты, мм

						150x400x500					


",['150x400x500'],"
						985						
							 руб.							за 1 шт

"
Опора ML-400 базового модуля,"

Габариты, мм

						150x400x500					


",['150x400x500'],"
						1 952						
							 руб.							за 1 шт

"
Опора ML-300 дополнительного модуля,"

Габариты, мм

						150x300x500					


",['150x300x500'],"
						985						
							 руб.							за 1 шт

"
Опора ML-300 базового модуля,"

Габариты, мм

						150x300x500					


",['150x300x500'],"
						1 952						
							 руб.							за 1 шт

"
Шкаф кассира AMB-140/10,"

Вес, кг

						16					



Габариты, мм

						1400x300x220					


",['1400x300x220'],"
						16 722						
							 руб.							за 1 шт

"
Картотека ПРАКТИК A0-05/0 (база),"

Вес, кг

						124					



Габариты, мм

						491x1359x927					


",['491x1359x927'],"
						73 187						
							 руб.							за 1 шт

"
Картотека ПРАКТИК A1-05/3 (низ),"

Вес, кг

						64					



Габариты, мм

						465x1010x691					


",['465x1010x691'],"
						46 885						
							 руб.							за 1 шт

"
Картотека ПРАКТИК A1-05/2 (промежуточная секция),"

Вес, кг

						60					



Габариты, мм

						389x1010x691					


",['389x1010x691'],"
						46 885						
							 руб.							за 1 шт

"
Картотека ПРАКТИК A1-05/1 (верх),"

Вес, кг

						65					



Габариты, мм

						415x1010x691					


",['415x1010x691'],"
						46 885						
							 руб.							за 1 шт

"
Картотека ПРАКТИК A1-05/0 (база),"

Вес, кг

						70					



Габариты, мм

						491x1010x691					


",['491x1010x691'],"
						46 885						
							 руб.							за 1 шт

"
Скамья-подставка LS-21-60 сосна,"

Вес, кг

						6					



Габариты, мм

						334x600x770					


",['334x600x770'],"
						5 251						
							 руб.							за 1 шт

"
Скамья-подставка LS-21-80 сосна,"

Вес, кг

						8					



Габариты, мм

						334x800x770					


",['334x800x770'],"
						5 920						
							 руб.							за 1 шт

"
Подставка LS 31/34,"

Вес, кг

						3					



Габариты, мм

						170x848x496					


",['170x848x496'],"
						2 480						
							 руб.							за 1 шт

"
Подставка LS 21-80,"

Вес, кг

						3					



Габариты, мм

						170x800x496					


",['170x800x496'],"
						2 208						
							 руб.							за 1 шт

"
Подставка  LS 21-60,"

Вес, кг

						3					



Габариты, мм

						170x600x496					


",['170x600x496'],"
						1 971						
							 руб.							за 1 шт

"
Шкаф для раздевалок усиленный ML-11-50U (LS-11-50),"

Вес, кг

						26					



Габариты, мм

						1830x500x500					


",['1830x500x500'],По запросу
Шкаф для раздевалок усиленный ML/LS-11-40D,"

Вес, кг

						23					



Габариты, мм

						1830x400x500					


",['1830x400x500'],"
						10 468						
							 руб.							за 1 шт

"
Шкаф для раздевалок ПРАКТИК усиленный ML 11-50D,"

Вес, кг

						22					



Габариты, мм

						1830x500x500					


",['1830x500x500'],"
						13 195						
							 руб.							за 1 шт

"
Шкаф для сумок ПРАКТИК Стандарт LS-34,"

Вес, кг

						44					



Габариты, мм

						1830x885x500					


",['1830x885x500'],"
						27 489						
							 руб.							за 1 шт

"
Шкаф для раздевалок ПРАКТИК Стандарт LS-31,"

Вес, кг

						40					



Габариты, мм

						1830x885x500					


",['1830x885x500'],"
						15 011						
							 руб.							за 1 шт

"
Картотека ПРАКТИК AFC-07C,"

Вес, кг

						71					



Габариты, мм

						1327x515x631					


",['1327x515x631'],"
						40 112						
							 руб.							за 1 шт

"
Картотека ПРАКТИК AFC-07,"

Вес, кг

						71					



Габариты, мм

						1327x515x631					


",['1327x515x631'],"
						39 848						
							 руб.							за 1 шт

"
Шкаф для раздевалок ПРАКТИК Стандарт LS-21-80U,"

Вес, кг

						38					



Габариты, мм

						1830x800x500					


",['1830x800x500'],"
						12 534						
							 руб.							за 1 шт

"
Офисный шкаф ПРАКТИК AMT 0812,"

Вес, кг

						34					



Габариты, мм

						832x1215x458					


",['832x1215x458'],"
						25 299						
							 руб.							за 1 шт

"
Офисный шкаф ПРАКТИК CB-21,"

Вес, кг

						28					



Габариты, мм

						1000x1000x500					


",['1000x1000x500'],"
						13 819						
							 руб.							за 1 шт

"
Офисный шкаф ПРАКТИК CB-22,"

Вес, кг

						52					



Габариты, мм

						1900x1000x500					


",['1900x1000x500'],"
						26 011						
							 руб.							за 1 шт

"
Офисный шкаф ПРАКТИК CB-15,"

Вес, кг

						51					



Габариты, мм

						2000x850x500					


",['2000x850x500'],"
						23 751						
							 руб.							за 1 шт

"
Шкаф для раздевалок усиленный ML-11-50U (LS-11-50),"

Вес, кг

						26					



Габариты, мм

						1830x500x500					


",['1830x500x500'],По запросу
Шкаф для раздевалок усиленный ML/LS-11-40D,"

Вес, кг

						23					



Габариты, мм

						1830x400x500					


",['1830x400x500'],"
						10 468						
							 руб.							за 1 шт

"
Шкаф для раздевалок ПРАКТИК усиленный ML 11-50D,"

Вес, кг

						22					



Габариты, мм

						1830x500x500					


",['1830x500x500'],"
						13 195						
							 руб.							за 1 шт

"
Шкаф для сумок ПРАКТИК Стандарт LS-34,"

Вес, кг

						44					



Габариты, мм

						1830x885x500					


",['1830x885x500'],"
						27 489						
							 руб.							за 1 шт

"
Шкаф для раздевалок ПРАКТИК Стандарт LS-31,"

Вес, кг

						40					



Габариты, мм

						1830x885x500					


",['1830x885x500'],"
						15 011						
							 руб.							за 1 шт

"
Картотека ПРАКТИК AFC-07C,"

Вес, кг

						71					



Габариты, мм

						1327x515x631					


",['1327x515x631'],"
						40 112						
							 руб.							за 1 шт

"
Картотека ПРАКТИК AFC-07,"

Вес, кг

						71					



Габариты, мм

						1327x515x631					


",['1327x515x631'],"
						39 848						
							 руб.							за 1 шт

"
Шкаф для раздевалок ПРАКТИК Стандарт LS-21-80U,"

Вес, кг

						38					



Габариты, мм

						1830x800x500					


",['1830x800x500'],"
						12 534						
							 руб.							за 1 шт

"
Офисный шкаф ПРАКТИК AMT 0812,"

Вес, кг

						34					



Габариты, мм

						832x1215x458					


",['832x1215x458'],"
						25 299						
							 руб.							за 1 шт

"
Офисный шкаф ПРАКТИК CB-21,"

Вес, кг

						28					



Габариты, мм

						1000x1000x500					


",['1000x1000x500'],"
						13 819						
							 руб.							за 1 шт

"
Офисный шкаф ПРАКТИК CB-22,"

Вес, кг

						52					



Габариты, мм

						1900x1000x500					


",['1900x1000x500'],"
						26 011						
							 руб.							за 1 шт

"
Офисный шкаф ПРАКТИК CB-15,"

Вес, кг

						51					



Габариты, мм

						2000x850x500					


",['2000x850x500'],"
						23 751						
							 руб.							за 1 шт

"
Шкаф для раздевалок усиленный ML-11-50U (LS-11-50),"

Вес, кг

						26					



Габариты, мм

						1830x500x500					


",['1830x500x500'],По запросу
Шкаф для раздевалок усиленный ML/LS-11-40D,"

Вес, кг

						23					



Габариты, мм

						1830x400x500					


",['1830x400x500'],"
						10 468						
							 руб.							за 1 шт

"
Шкаф для раздевалок ПРАКТИК усиленный ML 11-50D,"

Вес, кг

						22					



Габариты, мм

						1830x500x500					


",['1830x500x500'],"
						13 195						
							 руб.							за 1 шт

"
Шкаф для сумок ПРАКТИК Стандарт LS-34,"

Вес, кг

						44					



Габариты, мм

						1830x885x500					


",['1830x885x500'],"
						27 489						
							 руб.							за 1 шт

"
Шкаф для раздевалок ПРАКТИК Стандарт LS-31,"

Вес, кг

						40					



Габариты, мм

						1830x885x500					


",['1830x885x500'],"
						15 011						
							 руб.							за 1 шт

"
Картотека ПРАКТИК AFC-07C,"

Вес, кг

						71					



Габариты, мм

						1327x515x631					


",['1327x515x631'],"
						40 112						
							 руб.							за 1 шт

"
Картотека ПРАКТИК AFC-07,"

Вес, кг

						71					



Габариты, мм

						1327x515x631					


",['1327x515x631'],"
						39 848						
							 руб.							за 1 шт

"
Шкаф для раздевалок ПРАКТИК Стандарт LS-21-80U,"

Вес, кг

						38					



Габариты, мм

						1830x800x500					


",['1830x800x500'],"
						12 534						
							 руб.							за 1 шт

"
Офисный шкаф ПРАКТИК AMT 0812,"

Вес, кг

						34					



Габариты, мм

						832x1215x458					


",['832x1215x458'],"
						25 299						
							 руб.							за 1 шт

"
Офисный шкаф ПРАКТИК CB-21,"

Вес, кг

						28					



Габариты, мм

						1000x1000x500					


",['1000x1000x500'],"
						13 819						
							 руб.							за 1 шт

"
Офисный шкаф ПРАКТИК CB-22,"

Вес, кг

						52					



Габариты, мм

						1900x1000x500					


",['1900x1000x500'],"
						26 011						
							 руб.							за 1 шт

"
Офисный шкаф ПРАКТИК CB-15,"

Вес, кг

						51					



Габариты, мм

						2000x850x500					


",['2000x850x500'],"
						23 751						
							 руб.							за 1 шт

"
Шкаф для раздевалок усиленный ML-11-50U (LS-11-50),"

Вес, кг

						26					



Габариты, мм

						1830x500x500					


",['1830x500x500'],По запросу
Шкаф для раздевалок усиленный ML/LS-11-40D,"

Вес, кг

						23					



Габариты, мм

						1830x400x500					


",['1830x400x500'],"
						10 468						
							 руб.							за 1 шт

"
Шкаф для раздевалок ПРАКТИК усиленный ML 11-50D,"

Вес, кг

						22					



Габариты, мм

						1830x500x500					


",['1830x500x500'],"
						13 195						
							 руб.							за 1 шт

"
Шкаф для сумок ПРАКТИК Стандарт LS-34,"

Вес, кг

						44					



Габариты, мм

						1830x885x500					


",['1830x885x500'],"
						27 489						
							 руб.							за 1 шт

"
Шкаф для раздевалок ПРАКТИК Стандарт LS-31,"

Вес, кг

						40					



Габариты, мм

						1830x885x500					


",['1830x885x500'],"
						15 011						
							 руб.							за 1 шт

"
Картотека ПРАКТИК AFC-07C,"

Вес, кг

						71					



Габариты, мм

						1327x515x631					


",['1327x515x631'],"
						40 112						
							 руб.							за 1 шт

"
Картотека ПРАКТИК AFC-07,"

Вес, кг

						71					



Габариты, мм

						1327x515x631					


",['1327x515x631'],"
						39 848						
							 руб.							за 1 шт

"
Шкаф для раздевалок ПРАКТИК Стандарт LS-21-80U,"

Вес, кг

						38					



Габариты, мм

						1830x800x500					


",['1830x800x500'],"
						12 534						
							 руб.							за 1 шт

"
Офисный шкаф ПРАКТИК AMT 0812,"

Вес, кг

						34					



Габариты, мм

						832x1215x458					


",['832x1215x458'],"
						25 299						
							 руб.							за 1 шт

"
Офисный шкаф ПРАКТИК CB-21,"

Вес, кг

						28					



Габариты, мм

						1000x1000x500					


",['1000x1000x500'],"
						13 819						
							 руб.							за 1 шт

"
Офисный шкаф ПРАКТИК CB-22,"

Вес, кг

						52					



Габариты, мм

						1900x1000x500					


",['1900x1000x500'],"
						26 011						
							 руб.							за 1 шт

"
Офисный шкаф ПРАКТИК CB-15,"

Вес, кг

						51					



Габариты, мм

						2000x850x500					


",['2000x850x500'],"
						23 751						
							 руб.							за 1 шт

"
Шкаф для раздевалок усиленный ML-11-50U (LS-11-50),"

Вес, кг

						26					



Габариты, мм

						1830x500x500					


",['1830x500x500'],По запросу
Шкаф для раздевалок усиленный ML/LS-11-40D,"

Вес, кг

						23					



Габариты, мм

						1830x400x500					


",['1830x400x500'],"
						10 468						
							 руб.							за 1 шт

"
Шкаф для раздевалок ПРАКТИК усиленный ML 11-50D,"

Вес, кг

						22					



Габариты, мм

						1830x500x500					


",['1830x500x500'],"
						13 195						
							 руб.							за 1 шт

"
Шкаф для сумок ПРАКТИК Стандарт LS-34,"

Вес, кг

						44					



Габариты, мм

						1830x885x500					


",['1830x885x500'],"
						27 489						
							 руб.							за 1 шт

"
Шкаф для раздевалок ПРАКТИК Стандарт LS-31,"

Вес, кг

						40					



Габариты, мм

						1830x885x500					


",['1830x885x500'],"
						15 011						
							 руб.							за 1 шт

"
Картотека ПРАКТИК AFC-07C,"

Вес, кг

						71					



Габариты, мм

						1327x515x631					


",['1327x515x631'],"
						40 112						
							 руб.							за 1 шт

"
Картотека ПРАКТИК AFC-07,"

Вес, кг

						71					



Габариты, мм

						1327x515x631					


",['1327x515x631'],"
						39 848						
							 руб.							за 1 шт

"
Шкаф для раздевалок ПРАКТИК Стандарт LS-21-80U,"

Вес, кг

						38					



Габариты, мм

						1830x800x500					


",['1830x800x500'],"
						12 534						
							 руб.							за 1 шт

"
Офисный шкаф ПРАКТИК AMT 0812,"

Вес, кг

						34					



Габариты, мм

						832x1215x458					


",['832x1215x458'],"
						25 299						
							 руб.							за 1 шт

"
Офисный шкаф ПРАКТИК CB-21,"

Вес, кг

						28					



Габариты, мм

						1000x1000x500					


",['1000x1000x500'],"
						13 819						
							 руб.							за 1 шт

"
Офисный шкаф ПРАКТИК CB-22,"

Вес, кг

						52					



Габариты, мм

						1900x1000x500					


",['1900x1000x500'],"
						26 011						
							 руб.							за 1 шт

"
Офисный шкаф ПРАКТИК CB-15,"

Вес, кг

						51					



Габариты, мм

						2000x850x500					


",['2000x850x500'],"
						23 751						
							 руб.							за 1 шт

"
Шкаф для раздевалок усиленный ML-11-50U (LS-11-50),"

Вес, кг

						26					



Габариты, мм

						1830x500x500					


",['1830x500x500'],По запросу
Шкаф для раздевалок усиленный ML/LS-11-40D,"

Вес, кг

						23					



Габариты, мм

						1830x400x500					


",['1830x400x500'],"
						10 468						
							 руб.							за 1 шт

"
Шкаф для раздевалок ПРАКТИК усиленный ML 11-50D,"

Вес, кг

						22					



Габариты, мм

						1830x500x500					


",['1830x500x500'],"
						13 195						
							 руб.							за 1 шт

"
Шкаф для сумок ПРАКТИК Стандарт LS-34,"

Вес, кг

						44					



Габариты, мм

						1830x885x500					


",['1830x885x500'],"
						27 489						
							 руб.							за 1 шт

"
Шкаф для раздевалок ПРАКТИК Стандарт LS-31,"

Вес, кг

						40					



Габариты, мм

						1830x885x500					


",['1830x885x500'],"
						15 011						
							 руб.							за 1 шт

"
Картотека ПРАКТИК AFC-07C,"

Вес, кг

						71					



Габариты, мм

						1327x515x631					


",['1327x515x631'],"
						40 112						
							 руб.							за 1 шт

"
Картотека ПРАКТИК AFC-07,"

Вес, кг

						71					



Габариты, мм

						1327x515x631					


",['1327x515x631'],"
						39 848						
							 руб.							за 1 шт

"
Шкаф для раздевалок ПРАКТИК Стандарт LS-21-80U,"

Вес, кг

						38					



Габариты, мм

						1830x800x500					


",['1830x800x500'],"
						12 534						
							 руб.							за 1 шт

"
Офисный шкаф ПРАКТИК AMT 0812,"

Вес, кг

						34					



Габариты, мм

						832x1215x458					


",['832x1215x458'],"
						25 299						
							 руб.							за 1 шт

"
Офисный шкаф ПРАКТИК CB-21,"

Вес, кг

						28					



Габариты, мм

						1000x1000x500					


",['1000x1000x500'],"
						13 819						
							 руб.							за 1 шт

"
Офисный шкаф ПРАКТИК CB-22,"

Вес, кг

						52					



Габариты, мм

						1900x1000x500					


",['1900x1000x500'],"
						26 011						
							 руб.							за 1 шт

"
Офисный шкаф ПРАКТИК CB-15,"

Вес, кг

						51					



Габариты, мм

						2000x850x500					


",['2000x850x500'],"
						23 751						
							 руб.							за 1 шт

"
Шкаф для раздевалок усиленный ML-11-50U (LS-11-50),"

Вес, кг

						26					



Габариты, мм

						1830x500x500					


",['1830x500x500'],По запросу
Шкаф для раздевалок усиленный ML/LS-11-40D,"

Вес, кг

						23					



Габариты, мм

						1830x400x500					


",['1830x400x500'],"
						10 468						
							 руб.							за 1 шт

"
Шкаф для раздевалок ПРАКТИК усиленный ML 11-50D,"

Вес, кг

						22					



Габариты, мм

						1830x500x500					


",['1830x500x500'],"
						13 195						
							 руб.							за 1 шт

"
Шкаф для сумок ПРАКТИК Стандарт LS-34,"

Вес, кг

						44					



Габариты, мм

						1830x885x500					


",['1830x885x500'],"
						27 489						
							 руб.							за 1 шт

"
Шкаф для раздевалок ПРАКТИК Стандарт LS-31,"

Вес, кг

						40					



Габариты, мм

						1830x885x500					


",['1830x885x500'],"
						15 011						
							 руб.							за 1 шт

"
Картотека ПРАКТИК AFC-07C,"

Вес, кг

						71					



Габариты, мм

						1327x515x631					


",['1327x515x631'],"
						40 112						
							 руб.							за 1 шт

"
Картотека ПРАКТИК AFC-07,"

Вес, кг

						71					



Габариты, мм

						1327x515x631					


",['1327x515x631'],"
						39 848						
							 руб.							за 1 шт

"
Шкаф для раздевалок ПРАКТИК Стандарт LS-21-80U,"

Вес, кг

						38					



Габариты, мм

						1830x800x500					


",['1830x800x500'],"
						12 534						
							 руб.							за 1 шт

"
Офисный шкаф ПРАКТИК AMT 0812,"

Вес, кг

						34					



Габариты, мм

						832x1215x458					


",['832x1215x458'],"
						25 299						
							 руб.							за 1 шт

"
Офисный шкаф ПРАКТИК CB-21,"

Вес, кг

						28					



Габариты, мм

						1000x1000x500					


",['1000x1000x500'],"
						13 819						
							 руб.							за 1 шт

"
Офисный шкаф ПРАКТИК CB-22,"

Вес, кг

						52					



Габариты, мм

						1900x1000x500					


",['1900x1000x500'],"
						26 011						
							 руб.							за 1 шт

"
Офисный шкаф ПРАКТИК CB-15,"

Вес, кг

						51					



Габариты, мм

						2000x850x500					


",['2000x850x500'],"
						23 751						
							 руб.							за 1 шт

"
Шкаф для раздевалок усиленный ML-11-50U (LS-11-50),"

Вес, кг

						26					



Габариты, мм

						1830x500x500					


",['1830x500x500'],По запросу
Шкаф для раздевалок усиленный ML/LS-11-40D,"

Вес, кг

						23					



Габариты, мм

						1830x400x500					


",['1830x400x500'],"
						10 468						
							 руб.							за 1 шт

"
Шкаф для раздевалок ПРАКТИК усиленный ML 11-50D,"

Вес, кг

						22					



Габариты, мм

						1830x500x500					


",['1830x500x500'],"
						13 195						
							 руб.							за 1 шт

"
Шкаф для сумок ПРАКТИК Стандарт LS-34,"

Вес, кг

						44					



Габариты, мм

						1830x885x500					


",['1830x885x500'],"
						27 489						
							 руб.							за 1 шт

"
Шкаф для раздевалок ПРАКТИК Стандарт LS-31,"

Вес, кг

						40					



Габариты, мм

						1830x885x500					


",['1830x885x500'],"
						15 011						
							 руб.							за 1 шт

"
Картотека ПРАКТИК AFC-07C,"

Вес, кг

						71					



Габариты, мм

						1327x515x631					


",['1327x515x631'],"
						40 112						
							 руб.							за 1 шт

"
Картотека ПРАКТИК AFC-07,"

Вес, кг

						71					



Габариты, мм

						1327x515x631					


",['1327x515x631'],"
						39 848						
							 руб.							за 1 шт

"
Шкаф для раздевалок ПРАКТИК Стандарт LS-21-80U,"

Вес, кг

						38					



Габариты, мм

						1830x800x500					


",['1830x800x500'],"
						12 534						
							 руб.							за 1 шт

"
Офисный шкаф ПРАКТИК AMT 0812,"

Вес, кг

						34					



Габариты, мм

						832x1215x458					


",['832x1215x458'],"
						25 299						
							 руб.							за 1 шт

"
Офисный шкаф ПРАКТИК CB-21,"

Вес, кг

						28					



Габариты, мм

						1000x1000x500					


",['1000x1000x500'],"
						13 819						
							 руб.							за 1 шт

"
Офисный шкаф ПРАКТИК CB-22,"

Вес, кг

						52					



Габариты, мм

						1900x1000x500					


",['1900x1000x500'],"
						26 011						
							 руб.							за 1 шт

"
Офисный шкаф ПРАКТИК CB-15,"

Вес, кг

						51					



Габариты, мм

						2000x850x500					


",['2000x850x500'],"
						23 751						
							 руб.							за 1 шт

"
